    {"product_id": 1, "name": "Laptop", "price": 50000, "category": "Electronics", "timestamp": "2025-04-01 08:00:00"},
    {"product_id": 2, "name": "T-Shirt", "price": 800, "category": "Clothing", "timestamp": "2025-04-02 09:30:00"},
    {"product_id": 3, "name": "Headphones", "price": 2000, "category": "Electronics", "timestamp": "2025-04-03 12:15:00"},
    {"product_id": 4, "name": "Jeans", "price": 1500, "category": "Clothing", "timestamp": "2025-04-04 10:45:00"},
    {"product_id": 5, "name": "Smartphone", "price": 30000, "category": "Electronics", "timestamp": "2025-04-05 13:00:00"},
    {"product_id": 6, "name": "Smartwatch", "price": 15000, "category": "Electronics", "timestamp": "2025-04-06 14:20:00"},
    {"product_id": 7, "name": "Jacket", "price": 2500, "category": "Clothing", "timestamp": "2025-04-07 11:30:00"},
    {"product_id": 8, "name": "Speaker", "price": 5000, "category": "Electronics", "timestamp": "2025-04-08 09:15:00"},
    {"product_id": 9, "name": "Shoes", "price": 3000, "category": "Footwear", "timestamp": "2025-04-09 16:00:00"},
    {"product_id": 10, "name": "Backpack", "price": 2000, "category": "Accessories", "timestamp": "2025-04-10 12:45:00"},
    {"product_id": 11, "name": "Tablet", "price": 25000, "category": "Electronics", "timestamp": "2025-04-11 15:10:00"},
    {"product_id": 12, "name": "Sunglasses", "price": 1200, "category": "Accessories", "timestamp": "2025-04-12 10:20:00"},
    {"product_id": 13, "name": "Mouse", "price": 800, "category": "Electronics", "timestamp": "2025-04-13 13:30:00"},
    {"product_id": 14, "name": "Shirt", "price": 1000, "category": "Clothing", "timestamp": "2025-04-14 09:45:00"},
    {"product_id": 15, "name": "Earphones", "price": 1500, "category": "Electronics", "timestamp": "2025-04-15 11:00:00"},
    {"product_id": 16, "name": "Sneakers", "price": 3500, "category": "Footwear", "timestamp": "2025-04-16 14:15:00"},
    {"product_id": 17, "name": "Wallet", "price": 900, "category": "Accessories", "timestamp": "2025-04-17 12:30:00"},
    {"product_id": 18, "name": "Monitor", "price": 12000, "category": "Electronics", "timestamp": "2025-04-18 10:50:00"},
    {"product_id": 19, "name": "Cap", "price": 500, "category": "Accessories", "timestamp": "2025-04-19 16:20:00"},
    {"product_id": 20, "name": "Dress", "price": 2000, "category": "Clothing", "timestamp": "2025-04-20 09:10:00"}