    {"product_id": 2, "name": "T-Shirt", "price": 750, "category": "Clothing", "timestamp": "2025-05-11 08:30:00"},
    {"product_id": 5, "name": "Smartphone", "price": 32000, "category": "Electronics", "timestamp": "2025-05-11 09:00:00"},
    {"product_id": 8, "name": "Speaker", "price": 4500, "category": "Electronics", "timestamp": "2025-05-11 09:45:00"},
    {"product_id": 21, "name": "Bluetooth Earbuds", "price": 2500, "category": "Electronics", "timestamp": "2025-05-11 10:30:00"},
    {"product_id": 22, "name": "Hoodie", "price": 2800, "category": "Clothing", "timestamp": "2025-05-11 11:15:00"},
    {"product_id": 23, "name": "Fitness Tracker", "price": 8000, "category": "Electronics", "timestamp": "2025-05-11 12:00:00"},
    {"product_id": 24, "name": "Sandals", "price": 2000, "category": "Footwear", "timestamp": "2025-05-11 12:45:00"},
    {"product_id": 25, "name": "Laptop Bag", "price": 1800, "category": "Accessories", "timestamp": "2025-05-11 13:30:00"},
    {"product_id": 26, "name": "Wireless Mouse", "price": 1000, "category": "Electronics", "timestamp": "2025-05-11 14:15:00"},
    {"product_id": 27, "name": "Scarf", "price": 600, "category": "Accessories", "timestamp": "2025-05-11 15:00:00"}
