    {"product_id": 52, "name": "Headphones", "price": 2500, "category": "Electronics", "timestamp": "2025-05-15 08:00:00"},
    {"product_id": 53, "name": "Shirt", "price": 1500, "category": "Clothing", "timestamp": "2025-05-15 08:30:00"},
    {"product_id": 54, "name": "Laptop Bag", "price": 1800, "category": null, "timestamp": "2025-05-15 09:00:00"}, // Null category
    {"product_id": 55, "name": "Shirt", "price": 1600, "category": "Clothing", "timestamp": "2025-05-15 09:30:00"}, // Duplicate name
    {"product_id": 56, "name": null, "price": 900, "category": "Accessories", "timestamp": "2025-05-15 10:00:00"}, // Null name
    {"product_id": 57, "name": "Sports Shoes", "price": null, "category": "Footwear", "timestamp": "2025-05-15 10:30:00"}, // Null price
    {"product_id": 58, "name": "Mouse", "price": 600, "category": "Electronics", "timestamp": "2025-05-15 11:00:00"},
    {"product_id": 59, "name": "Cap", "price": 400, "category": "Accessories", "timestamp": "2025-05-15 11:30:00"},
    {"product_id": 60, "name": "Trousers", "price": 2200, "category": "Clothing", "timestamp": "2025-05-15 12:00:00"},
    {"product_id": 52, "name": "Headphones", "price": 2500, "category": "Electronics", "timestamp": "2025-05-15 12:30:00"} // Duplicate row (same product_id)