    {"product_id": 2, "name": "T-Shirt", "price": 650, "category": "Clothing", "timestamp": "2025-05-13 08:00:00"},
    {"product_id": 29, "name": "Power Bank", "price": 1600, "category": "Electronics", "timestamp": "2025-05-13 08:30:00"},
    {"product_id": 30, "name": "Running Shoes", "price": 4200, "category": "Footwear", "timestamp": "2025-05-13 09:00:00"},
    {"product_id": 38, "name": "Jacket", "price": 2700, "category": null, "timestamp": "2025-05-13 09:30:00"}, // Null category
    {"product_id": 39, "name": "Earphones", "price": 1200, "category": "Electronics", "timestamp": "2025-05-13 10:00:00"},
    {"product_id": 40, "name": null, "price": 2100, "category": "Accessories", "timestamp": "2025-05-13 10:30:00"}, // Null name
    {"product_id": 41, "name": "Sneakers", "price": 3800, "category": "Footwear", "timestamp": "2025-05-13 11:00:00"},
    {"product_id": 42, "name": "Jacket", "price": 2600, "category": "Clothing", "timestamp": "2025-05-13 11:30:00"}, // Duplicate name
    {"product_id": 43, "name": "Charger", "price": null, "category": "Electronics", "timestamp": "2025-05-13 12:00:00"}, // Null price
    {"product_id": 38, "name": "Jacket", "price": 2700, "category": null, "timestamp": "2025-05-13 12:30:00"} // Duplicate row (same product_id)

