    {"product_id": 72, "name": "Wireless Earbuds", "price": 2000, "category": "Electronics", "timestamp": "2025-05-17 08:00:00"},
    {"product_id": 73, "name": "Saree", "price": 2500, "category": "Clothing", "timestamp": "2025-05-17 08:30:00"},
    {"product_id": 74, "name": "Sunglasses", "price": null, "category": "Accessories", "timestamp": "2025-05-17 09:00:00"},
    {"product_id": 75, "name": "Saree", "price": 2600, "category": "Clothing", "timestamp": "2025-05-17 09:30:00"},
    {"product_id": 76, "name": null, "price": 600, "category": null, "timestamp": "2025-05-17 10:00:00"},
    {"product_id": 77, "name": "Casual Shoes", "price": 1800, "category": "Footwear", "timestamp": "2025-05-17 10:30:00"},
    {"product_id": 78, "name": "Laptop Stand", "price": 1200, "category": "Electronics", "timestamp": "2025-05-17 11:00:00"},
    {"product_id": 79, "name": "Scarf", "price": 500, "category": "Accessories", "timestamp": "2025-05-17 11:30:00"},
    {"product_id": 80, "name": "Backpack", "price": 1500, "category": "Accessories", "timestamp": "2025-05-17 12:00:00"},
    {"product_id": 72, "name": "Wireless Earbuds", "price": 2000, "category": "Electronics", "timestamp": "2025-05-17 12:30:00"},
    {"product_id": 81, "name": "Smartphone Case", "price": 400, "category": "Accessories", "timestamp": "2025-05-18 08:00:00"},
    {"product_id": 82, "name": "Jacket", "price": 2800, "category": "Clothing", "timestamp": "2025-05-18 08:30:00"},
    {"product_id": 83, "name": "Fitness Tracker", "price": null, "category": "Electronics", "timestamp": "2025-05-18 09:00:00"},
    {"product_id": 84, "name": "Jacket", "price": 2900, "category": "Clothing", "timestamp": "2025-05-18 09:30:00"},
    {"product_id": 85, "name": null, "price": 700, "category": null, "timestamp": "2025-05-18 10:00:00"},
    {"product_id": 86, "name": "Formal Shoes", "price": 2200, "category": "Footwear", "timestamp": "2025-05-18 10:30:00"},
    {"product_id": 87, "name": "USB Cable", "price": 300, "category": "Electronics", "timestamp": "2025-05-18 11:00:00"},
    {"product_id": 88, "name": "Hat", "price": 600, "category": "Accessories", "timestamp": "2025-05-18 11:30:00"},
    {"product_id": 89, "name": "Trolley Bag", "price": 3500, "category": "Accessories", "timestamp": "2025-05-18 12:00:00"},
    {"product_id": 81, "name": "Smartphone Case", "price": 400, "category": "Accessories", "timestamp": "2025-05-18 12:30:00"},
    {"product_id": 90, "name": "Kurta", "price": 1500, "category": "Clothing", "timestamp": "2025-05-19 08:00:00"},
    {"product_id": 91, "name": "Smart Watch", "price": 5000, "category": "Electronics", "timestamp": "2025-05-19 08:30:00"},
    {"product_id": 92, "name": "Ankle Boots", "price": 2500, "category": "Footwear", "timestamp": "2025-05-19 09:00:00"},
    {"product_id": 93, "name": "Wallet", "price": 800, "category": "Accessories", "timestamp": "2025-05-19 09:30:00"},
    {"product_id": 94, "name": null, "price": 1200, "category": "Clothing", "timestamp": "2025-05-19 10:00:00"},
    {"product_id": 95, "name": "Headphones", "price": 3000, "category": "Electronics", "timestamp": "2025-05-19 10:30:00"},
    {"product_id": 96, "name": "Sneakers", "price": 2000, "category": "Footwear", "timestamp": "2025-05-19 11:00:00"},
    {"product_id": 97, "name": "Belt", "price": 600, "category": "Accessories", "timestamp": "2025-05-19 11:30:00"},
    {"product_id": 98, "name": "Kurta", "price": 1600, "category": "Clothing", "timestamp": "2025-05-19 12:00:00"},
    {"product_id": 99, "name": "Power Bank", "price": 1000, "category": "Electronics", "timestamp": "2025-05-19 12:30:00"},
    {"product_id": 100, "name": "Shawl", "price": 700, "category": "Accessories", "timestamp": "2025-05-20 08:00:00"},
    {"product_id": 101, "name": "Running Shoes", "price": 2400, "category": "Footwear", "timestamp": "2025-05-20 08:30:00"},
    {"product_id": 102, "name": "Mouse Pad", "price": 200, "category": "Electronics", "timestamp": "2025-05-20 09:00:00"},
    {"product_id": 103, "name": null, "price": 900, "category": null, "timestamp": "2025-05-20 09:30:00"},
    {"product_id": 104, "name": "T-Shirt", "price": 600, "category": "Clothing", "timestamp": "2025-05-20 10:00:00"},
    {"product_id": 105, "name": "Watch", "price": 1500, "category": "Accessories", "timestamp": "2025-05-20 10:30:00"},
    {"product_id": 106, "name": "Laptop Bag", "price": 1800, "category": "Accessories", "timestamp": "2025-05-20 11:00:00"},
    {"product_id": 107, "name": "Sandals", "price": 1000, "category": "Footwear", "timestamp": "2025-05-20 11:30:00"},
    {"product_id": 108, "name": "Speaker", "price": 2500, "category": "Electronics", "timestamp": "2025-05-20 12:00:00"},
    {"product_id": 109, "name": "T-Shirt", "price": 650, "category": "Clothing", "timestamp": "2025-05-20 12:30:00"},
    {"product_id": 110, "name": "Earrings", "price": 400, "category": "Accessories", "timestamp": "2025-05-21 08:00:00"},
    {"product_id": 111, "name": "Charger", "price": 500, "category": "Electronics", "timestamp": "2025-05-21 08:30:00"},
    {"product_id": 112, "name": "Jeans", "price": 2000, "category": "Clothing", "timestamp": "2025-05-21 09:00:00"},
    {"product_id": 113, "name": "Cap", "price": 300, "category": "Accessories", "timestamp": "2025-05-21 09:30:00"},
    {"product_id": 114, "name": "Slippers", "price": 400, "category": "Footwear", "timestamp": "2025-05-21 10:00:00"},
    {"product_id": 115, "name": "Mouse", "price": 600, "category": "Electronics", "timestamp": "2025-05-21 10:30:00"},
    {"product_id": 116, "name": "Shirt", "price": 800, "category": "Clothing", "timestamp": "2025-05-21 11:00:00"},
    {"product_id": 117, "name": "Necklace", "price": 1000, "category": "Accessories", "timestamp": "2025-05-21 11:30:00"},
    {"product_id": 118, "name": "Smartphone Holder", "price": 300, "category": "Accessories", "timestamp": "2025-05-21 12:00:00"},
    {"product_id": 119, "name": "Sneakers", "price": 2100, "category": "Footwear", "timestamp": "2025-05-21 12:30:00"},
    {"product_id": 120, "name": "Keyboard", "price": 900, "category": "Electronics", "timestamp": "2025-05-22 08:00:00"},
    {"product_id": 121, "name": "Dress", "price": 1800, "category": "Clothing", "timestamp": "2025-05-22 08:30:00"},
    {"product_id": 122, "name": "Bracelet", "price": 500, "category": "Accessories", "timestamp": "2025-05-22 09:00:00"},
    {"product_id": 123, "name": null, "price": 1200, "category": "Footwear", "timestamp": "2025-05-22 09:30:00"},
    {"product_id": 124, "name": "Earphones", "price": 800, "category": "Electronics", "timestamp": "2025-05-22 10:00:00"},
    {"product_id": 125, "name": "Skirt", "price": 1000, "category": "Clothing", "timestamp": "2025-05-22 10:30:00"},
    {"product_id": 126, "name": "Gym Bag", "price": 1200, "category": "Accessories", "timestamp": "2025-05-22 11:00:00"},
    {"product_id": 127, "name": "Loafers", "price": 1500, "category": "Footwear", "timestamp": "2025-05-22 11:30:00"},
    {"product_id": 128, "name": "Webcam", "price": 2000, "category": "Electronics", "timestamp": "2025-05-22 12:00:00"},
    {"product_id": 129, "name": "Shirt", "price": 850, "category": "Clothing", "timestamp": "2025-05-22 12:30:00"},
    {"product_id": 130, "name": "Ring", "price": 600, "category": "Accessories", "timestamp": "2025-05-23 08:00:00"},
    {"product_id": 131, "name": "Monitor", "price": 5000, "category": "Electronics", "timestamp": "2025-05-23 08:30:00"},
    {"product_id": 132, "name": "Blazer", "price": 3000, "category": "Clothing", "timestamp": "2025-05-23 09:00:00"},
    {"product_id": 133, "name": "Socks", "price": 200, "category": "Accessories", "timestamp": "2025-05-23 09:30:00"},
    {"product_id": 134, "name": "Sports Shoes", "price": 2200, "category": "Footwear", "timestamp": "2025-05-23 10:00:00"},
    {"product_id": 135, "name": null, "price": 700, "category": null, "timestamp": "2025-05-23 10:30:00"},
    {"product_id": 136, "name": "Router", "price": 1500, "category": "Electronics", "timestamp": "2025-05-23 11:00:00"},
    {"product_id": 137, "name": "Sweater", "price": 1200, "category": "Clothing", "timestamp": "2025-05-23 11:30:00"},
    {"product_id": 138, "name": "Pendant", "price": 800, "category": "Accessories", "timestamp": "2025-05-23 12:00:00"},
    {"product_id": 139, "name": "Flip Flops", "price": 300, "category": "Footwear", "timestamp": "2025-05-23 12:30:00"},
    {"product_id": 140, "name": "Tablet Cover", "price": 500, "category": "Accessories", "timestamp": "2025-05-24 08:00:00"},
    {"product_id": 141, "name": "Hoodie", "price": 1500, "category": "Clothing", "timestamp": "2025-05-24 08:30:00"},
    {"product_id": 142, "name": "USB Drive", "price": 400, "category": "Electronics", "timestamp": "2025-05-24 09:00:00"},
    {"product_id": 143, "name": "Tie", "price": 300, "category": "Accessories", "timestamp": "2025-05-24 09:30:00"},
    {"product_id": 144, "name": "Heels", "price": 2000, "category": "Footwear", "timestamp": "2025-05-24 10:00:00"},
    {"product_id": 145, "name": "Trousers", "price": 1200, "category": "Clothing", "timestamp": "2025-05-24 10:30:00"},
    {"product_id": 146, "name": "Smart Bulb", "price": 800, "category": "Electronics", "timestamp": "2025-05-24 11:00:00"},
    {"product_id": 147, "name": "Handbag", "price": 1000, "category": "Accessories", "timestamp": "2025-05-24 11:30:00"},
    {"product_id": 148, "name": "Sneakers", "price": 2200, "category": "Footwear", "timestamp": "2025-05-24 12:00:00"},
    {"product_id": 149, "name": "Jacket", "price": 3000, "category": "Clothing", "timestamp": "2025-05-24 12:30:00"},
    {"product_id": 150, "name": "Earphones", "price": 900, "category": "Electronics", "timestamp": "2025-05-25 08:00:00"},
    {"product_id": 151, "name": "Scarf", "price": 600, "category": "Accessories", "timestamp": "2025-05-25 08:30:00"},
    {"product_id": 152, "name": "Kurta", "price": 1700, "category": "Clothing", "timestamp": "2025-05-25 09:00:00"},
    {"product_id": 153, "name": "Sandals", "price": 1100, "category": "Footwear", "timestamp": "2025-05-25 09:30:00"},
    {"product_id": 154, "name": "Mouse", "price": 650, "category": "Electronics", "timestamp": "2025-05-25 10:00:00"},
    {"product_id": 155, "name": "Wallet", "price": 850, "category": "Accessories", "timestamp": "2025-05-25 10:30:00"},
    {"product_id": 156, "name": "Shirt", "price": 900, "category": "Clothing", "timestamp": "2025-05-25 11:00:00"},
    {"product_id": 157, "name": "Fitness Band", "price": null, "category": "Electronics", "timestamp": "2025-05-25 11:30:00"},
    {"product_id": 158, "name": "Cap", "price": 350, "category": "Accessories", "timestamp": "2025-05-25 12:00:00"},
    {"product_id": 159, "name": "Boots", "price": 2600, "category": "Footwear", "timestamp": "2025-05-25 12:30:00"},
    {"product_id": 160, "name": "Headphones", "price": 3100, "category": "Electronics", "timestamp": "2025-05-26 08:00:00"},
    {"product_id": 161, "name": "Dress", "price": 1900, "category": "Clothing", "timestamp": "2025-05-26 08:30:00"},
    {"product_id": 162, "name": "Bracelet", "price": 550, "category": "Accessories", "timestamp": "2025-05-26 09:00:00"},
    {"product_id": 163, "name": "Running Shoes", "price": 2500, "category": "Footwear", "timestamp": "2025-05-26 09:30:00"},
    {"product_id": 164, "name": "Charger", "price": 550, "category": "Electronics", "timestamp": "2025-05-26 10:00:00"},
    {"product_id": 165, "name": "Jeans", "price": 2100, "category": "Clothing", "timestamp": "2025-05-26 10:30:00"},
    {"product_id": 166, "name": "Earrings", "price": 450, "category": "Accessories", "timestamp": "2025-05-26 11:00:00"},
    {"product_id": 167, "name": "Slippers", "price": 450, "category": "Footwear", "timestamp": "2025-05-26 11:30:00"},
    {"product_id": 168, "name": "Speaker", "price": 2600, "category": "Electronics", "timestamp": "2025-05-26 12:00:00"},
    {"product_id": 169, "name": "T-Shirt", "price": 700, "category": "Clothing", "timestamp": "2025-05-26 12:30:00"},
    {"product_id": 170, "name": "Necklace", "price": 1100, "category": "Accessories", "timestamp": "2025-05-27 08:00:00"},
    {"product_id": 171, "name": "Keyboard", "price": 950, "category": "Electronics", "timestamp": "2025-05-27 08:30:00"},
    {"product_id": 172, "name": "Skirt", "price": 1100, "category": "Clothing", "timestamp": "2025-05-27 09:00:00"},
    {"product_id": 173, "name": "Socks", "price": 250, "category": "Accessories", "timestamp": "2025-05-27 09:30:00"},
    {"product_id": 174, "name": "Sports Shoes", "price": 2300, "category": "Footwear", "timestamp": "2025-05-27 10:00:00"},
    {"product_id": 175, "name": "Router", "price": 1600, "category": "Electronics", "timestamp": "2025-05-27 10:30:00"},
    {"product_id": 176, "name": "Sweater", "price": 1300, "category": "Clothing", "timestamp": "2025-05-27 11:00:00"},
    {"product_id": 177, "name": "Pendant", "price": 850, "category": "Accessories", "timestamp": "2025-05-27 11:30:00"},
    {"product_id": 178, "name": "Heels", "price": 2100, "category": "Footwear", "timestamp": "2025-05-27 12:00:00"},
    {"product_id": 179, "name": "Smart Bulb", "price": 850, "category": "Electronics", "timestamp": "2025-05-27 12:30:00"},
    {"product_id": 180, "name": "Hoodie", "price": 1600, "category": "Clothing", "timestamp": "2025-05-28 08:00:00"},
    {"product_id": 181, "name": "Handbag", "price": 1100, "category": "Accessories", "timestamp": "2025-05-28 08:30:00"},
    {"product_id": 182, "name": "USB Drive", "price": 450, "category": "Electronics", "timestamp": "2025-05-28 09:00:00"},
    {"product_id": 183, "name": "Tie", "price": 350, "category": "Accessories", "timestamp": "2025-05-28 09:30:00"},
    {"product_id": 184, "name": "Boots", "price": 2700, "category": "Footwear", "timestamp": "2025-05-28 10:00:00"},
    {"product_id": 185, "name": "Trousers", "price": 1300, "category": "Clothing", "timestamp": "2025-05-28 10:30:00"},
    {"product_id": 186, "name": "Webcam", "price": 2100, "category": "Electronics", "timestamp": "2025-05-28 11:00:00"},
    {"product_id": 187, "name": "Wallet", "price": 900, "category": "Accessories", "timestamp": "2025-05-28 11:30:00"},
    {"product_id": 188, "name": "Shirt", "price": 950, "category": "Clothing", "timestamp": "2025-05-28 12:00:00"},
    {"product_id": 189, "name": "Fitness Band", "price": null, "category": "Electronics", "timestamp": "2025-05-28 12:30:00"},
    {"product_id": 190, "name": "Cap", "price": 400, "category": "Accessories", "timestamp": "2025-05-29 08:00:00"},
    {"product_id": 191, "name": "Sneakers", "price": 2300, "category": "Footwear", "timestamp": "2025-05-29 08:30:00"},
    {"product_id": 192, "name": "Headphones", "price": 3200, "category": "Electronics", "timestamp": "2025-05-29 09:00:00"},
    {"product_id": 193, "name": "Dress", "price": 2000, "category": "Clothing", "timestamp": "2025-05-29 09:30:00"},
    {"product_id": 194, "name": "Bracelet", "price": 600, "category": "Accessories", "timestamp": "2025-05-29 10:00:00"},
    {"product_id": 195, "name": "Running Shoes", "price": 2600, "category": "Footwear", "timestamp": "2025-05-29 10:30:00"},
    {"product_id": 196, "name": "Charger", "price": 600, "category": "Electronics", "timestamp": "2025-05-29 11:00:00"},
    {"product_id": 197, "name": "Jeans", "price": 2200, "category": "Clothing", "timestamp": "2025-05-29 11:30:00"},
    {"product_id": 198, "name": "Earrings", "price": 500, "category": "Accessories", "timestamp": "2025-05-29 12:00:00"},
    {"product_id": 199, "name": "Slippers", "price": 500, "category": "Footwear", "timestamp": "2025-05-29 12:30:00"},
    {"product_id": 200, "name": "Speaker", "price": 2700, "category": "Electronics", "timestamp": "2025-05-30 08:00:00"},
    {"product_id": 201, "name": "T-Shirt", "price": 750, "category": "Clothing", "timestamp": "2025-05-30 08:30:00"},
    {"product_id": 202, "name": "Necklace", "price": 1200, "category": "Accessories", "timestamp": "2025-05-30 09:00:00"},
    {"product_id": 203, "name": "Keyboard", "price": 1000, "category": "Electronics", "timestamp": "2025-05-30 09:30:00"},
    {"product_id": 204, "name": "Skirt", "price": 1200, "category": "Clothing", "timestamp": "2025-05-30 10:00:00"},
    {"product_id": 205, "name": "Socks", "price": 300, "category": "Accessories", "timestamp": "2025-05-30 10:30:00"},
    {"product_id": 206, "name": "Sports Shoes", "price": 2400, "category": "Footwear", "timestamp": "2025-05-30 11:00:00"},
    {"product_id": 207, "name": "Router", "price": 1700, "category": "Electronics", "timestamp": "2025-05-30 11:30:00"},
    {"product_id": 208, "name": "Sweater", "price": 1400, "category": "Clothing", "timestamp": "2025-05-30 12:00:00"},
    {"product_id": 209, "name": "Pendant", "price": 900, "category": "Accessories", "timestamp": "2025-05-30 12:30:00"},
    {"product_id": 210, "name": "Heels", "price": 2200, "category": "Footwear", "timestamp": "2025-05-30 08:00:00"},
    {"product_id": 211, "name": "Smart Bulb", "price": 900, "category": "Electronics", "timestamp": "2025-05-30 08:30:00"},
    {"product_id": 212, "name": "Hoodie", "price": 1700, "category": "Clothing", "timestamp": "2025-05-30 09:00:00"},
    {"product_id": 213, "name": "Handbag", "price": 1200, "category": "Accessories", "timestamp": "2025-05-30 09:30:00"},
    {"product_id": 214, "name": "USB Drive", "price": 500, "category": "Electronics", "timestamp": "2025-05-30 10:00:00"},
    {"product_id": 215, "name": "Tie", "price": 400, "category": "Accessories", "timestamp": "2025-05-30 10:30:00"},
    {"product_id": 216, "name": "Boots", "price": 2800, "category": "Footwear", "timestamp": "2025-05-30 11:00:00"},
    {"product_id": 217, "name": "Trousers", "price": 1400, "category": "Clothing", "timestamp": "2025-05-30 11:30:00"},
    {"product_id": 218, "name": "Webcam", "price": 2200, "category": "Electronics", "timestamp": "2025-05-30 12:00:00"},
    {"product_id": 219, "name": "Wallet", "price": 950, "category": "Accessories", "timestamp": "2025-05-30 12:30:00"},
    {"product_id": 220, "name": "Shirt", "price": 1000, "category": "Clothing", "timestamp": "2025-05-30 08:00:00"},
    {"product_id": 221, "name": "Yoga Mat", "price": 1000, "category": "Fitness", "timestamp": "2025-05-30 12:30:00"},
    {"product_id": 72, "name": "Wireless Earbuds", "price": 2000, "category": "Electronics", "timestamp": "2025-05-30 08:30:00"},
    {"product_id": 81, "name": "Smartphone Case", "price": 400, "category": "Accessories", "timestamp": "2025-05-30 09:00:00"},
    {"product_id": 90, "name": "Kurta", "price": 1500, "category": "Clothing", "timestamp": "2025-05-30 09:30:00"},
    {"product_id": 104, "name": "T-Shirt", "price": 600, "category": "Clothing", "timestamp": "2025-05-30 10:00:00"},
    {"product_id": 119, "name": "Sneakers", "price": 2100, "category": "Footwear", "timestamp": "2025-05-30 10:30:00"}