    {"product_id": 28, "name": "Sweatshirt", "price": 2200, "category": "Clothing", "timestamp": "2025-05-12 08:00:00"},
    {"product_id": 29, "name": "Power Bank", "price": 1500, "category": "Electronics", "timestamp": "2025-05-12 08:30:00"},
    {"product_id": 30, "name": "Running Shoes", "price": 4000, "category": "Footwear", "timestamp": "2025-05-12 09:00:00"},
    {"product_id": 31, "name": "Belt", "price": 800, "category": "Accessories", "timestamp": "2025-05-12 09:30:00"},
    {"product_id": 32, "name": "Webcam", "price": 3000, "category": "Electronics", "timestamp": "2025-05-12 10:00:00"},
    {"product_id": 33, "name": "Kurta", "price": 1800, "category": "Clothing", "timestamp": "2025-05-12 10:30:00"},
    {"product_id": 34, "name": "Hat", "price": 500, "category": "Accessories", "timestamp": "2025-05-12 11:00:00"},
    {"product_id": 35, "name": "Sweatshirt", "price": 2300, "category": "Clothing", "timestamp": "2025-05-12 11:30:00"}, // Duplicate name with product_id 28
    {"product_id": 36, "name": "USB Cable", "price": null, "category": "Electronics", "timestamp": "2025-05-12 12:00:00"}, // Null price
    {"product_id": 37, "name": "Socks", "price": 300, "category": null, "timestamp": "2025-05-12 12:30:00"} // Null category