    {"product_id": 62, "name": "Bluetooth Speaker", "price": 3000, "category": "Electronics", "timestamp": "2025-05-16 08:00:00"},
    {"product_id": 63, "name": "Kurti", "price": 1200, "category": "Clothing", "timestamp": "2025-05-16 08:30:00"},
    {"product_id": 64, "name": "Watch", "price": null, "category": "Accessories", "timestamp": "2025-05-16 09:00:00"}, // Null price
    {"product_id": 65, "name": "Kurti", "price": 1300, "category": "Clothing", "timestamp": "2025-05-16 09:30:00"}, // Duplicate name
    {"product_id": 66, "name": null, "price": 800, "category": null, "timestamp": "2025-05-16 10:00:00"}, // Null name, category
    {"product_id": 67, "name": "Running Shorts", "price": 900, "category": "Clothing", "timestamp": "2025-05-16 10:30:00"},
    {"product_id": 68, "name": "Keyboard", "price": 1500, "category": "Electronics", "timestamp": "2025-05-16 11:00:00"},
    {"product_id": 62, "name": "Bluetooth Speaker", "price": 3000, "category": "Electronics", "timestamp": "2025-05-16 11:30:00"}, // Duplicate row (same product_id)
    {"product_id": 70, "name": "Belt", "price": 700, "category": "Accessories", "timestamp": "2025-05-16 12:00:00"},
    {"product_id": 71, "name": "Hiking Boots", "price": 3500, "category": "Footwear", "timestamp": "2025-05-16 12:30:00"}