    {"product_id": 2, "name": "T-Shirt", "price": 600, "category": "Clothing", "timestamp": "2025-05-14 08:00:00"},
    {"product_id": 29, "name": "Power Bank", "price": 1700, "category": "Electronics", "timestamp": "2025-05-14 08:30:00"},
    {"product_id": 41, "name": "Sneakers", "price": 4000, "category": "Footwear", "timestamp": "2025-05-14 09:00:00"},
    {"product_id": 45, "name": "Smartwatch", "price": 5000, "category": "Electronics", "timestamp": "2025-05-14 09:30:00"},
    {"product_id": 46, "name": "Jeans", "price": 2000, "category": "Clothing", "timestamp": "2025-05-14 10:00:00"},
    {"product_id": 47, "name": "Wallet", "price": null, "category": "Accessories", "timestamp": "2025-05-14 10:30:00"}, // Null price
    {"product_id": 48, "name": "Jeans", "price": 2100, "category": null, "timestamp": "2025-05-14 11:00:00"}, // Duplicate name, null category
    {"product_id": 49, "name": null, "price": 1500, "category": "Electronics", "timestamp": "2025-05-14 11:30:00"}, // Null name
    {"product_id": 50, "name": "Sandals", "price": 1200, "category": "Footwear", "timestamp": "2025-05-14 12:00:00"},
    {"product_id": 45, "name": "Smartwatch", "price": 5000, "category": "Electronics", "timestamp": "2025-05-14 12:30:00"} // Duplicate row (same product_id)