    {"order_id": 1, "customer_id": 12, "product_id": 2, "order_date": "2025-04-01", "quantity": 2, "total_price": 1600},
    {"order_id": 2, "customer_id": 5, "product_id": 5, "order_date": "2025-04-01", "quantity": 1, "total_price": 30000},
    {"order_id": 3, "customer_id": 18, "product_id": 9, "order_date": "2025-04-02", "quantity": 1, "total_price": 3000},
    {"order_id": 4, "customer_id": 3, "product_id": 3, "order_date": "2025-04-02", "quantity": 1, "total_price": 2000},
    {"order_id": 5, "customer_id": 25, "product_id": 12, "order_date": "2025-04-03", "quantity": 3, "total_price": 3600},
    {"order_id": 6, "customer_id": 7, "product_id": 7, "order_date": "2025-04-03", "quantity": 2, "total_price": 5000},
    {"order_id": 7, "customer_id": 15, "product_id": 15, "order_date": "2025-04-04", "quantity": 1, "total_price": 1500},
    {"order_id": 8, "customer_id": 22, "product_id": 2, "order_date": "2025-04-04", "quantity": 3, "total_price": 2400},
    {"order_id": 9, "customer_id": 1, "product_id": 1, "order_date": "2025-04-05", "quantity": 1, "total_price": 50000},
    {"order_id": 10, "customer_id": 9, "product_id": 10, "order_date": "2025-04-05", "quantity": 2, "total_price": 4000},
    {"order_id": 11, "customer_id": 27, "product_id": 4, "order_date": "2025-04-06", "quantity": 1, "total_price": 1500},
    {"order_id": 12, "customer_id": 4, "product_id": 6, "order_date": "2025-04-06", "quantity": 1, "total_price": 15000},
    {"order_id": 13, "customer_id": 12, "product_id": 19, "order_date": "2025-04-07", "quantity": 2, "total_price": 1000},
    {"order_id": 14, "customer_id": 20, "product_id": 8, "order_date": "2025-04-07", "quantity": 1, "total_price": 5000},
    {"order_id": 15, "customer_id": 8, "product_id": 14, "order_date": "2025-04-08", "quantity": 2, "total_price": 2000},
    {"order_id": 16, "customer_id": 16, "product_id": 16, "order_date": "2025-04-08", "quantity": 1, "total_price": 3500},
    {"order_id": 17, "customer_id": 5, "product_id": 3, "order_date": "2025-04-09", "quantity": 1, "total_price": 2000},
    {"order_id": 18, "customer_id": 29, "product_id": 11, "order_date": "2025-04-09", "quantity": 1, "total_price": 25000},
    {"order_id": 19, "customer_id": 13, "product_id": 2, "order_date": "2025-04-10", "quantity": 2, "total_price": 1600},
    {"order_id": 20, "customer_id": 2, "product_id": 20, "order_date": "2025-04-10", "quantity": 1, "total_price": 2000},
    {"order_id": 21, "customer_id": 10, "product_id": 9, "order_date": "2025-04-11", "quantity": 1, "total_price": 3000},
    {"order_id": 22, "customer_id": 18, "product_id": 12, "order_date": "2025-04-11", "quantity": 2, "total_price": 2400},
    {"order_id": 23, "customer_id": 25, "product_id": 5, "order_date": "2025-04-12", "quantity": 1, "total_price": 30000},
    {"order_id": 24, "customer_id": 6, "product_id": 7, "order_date": "2025-04-12", "quantity": 2, "total_price": 5000},
    {"order_id": 25, "customer_id": 22, "product_id": 13, "order_date": "2025-04-13", "quantity": 3, "total_price": 2400},
    {"order_id": 26, "customer_id": 1, "product_id": 6, "order_date": "2025-04-13", "quantity": 1, "total_price": 15000},
    {"order_id": 27, "customer_id": 14, "product_id": 4, "order_date": "2025-04-14", "quantity": 1, "total_price": 1500},
    {"order_id": 28, "customer_id": 27, "product_id": 8, "order_date": "2025-04-14", "quantity": 1, "total_price": 5000},
    {"order_id": 29, "customer_id": 3, "product_id": 10, "order_date": "2025-04-15", "quantity": 2, "total_price": 4000},
    {"order_id": 30, "customer_id": 19, "product_id": 15, "order_date": "2025-04-15", "quantity": 1, "total_price": 1500},
    {"order_id": 31, "customer_id": 8, "product_id": 2, "order_date": "2025-04-16", "quantity": 3, "total_price": 2400},
    {"order_id": 32, "customer_id": 12, "product_id": 18, "order_date": "2025-04-16", "quantity": 1, "total_price": 12000},
    {"order_id": 33, "customer_id": 26, "product_id": 19, "order_date": "2025-04-17", "quantity": 2, "total_price": 1000},
    {"order_id": 34, "customer_id": 4, "product_id": 3, "order_date": "2025-04-17", "quantity": 1, "total_price": 2000},
    {"order_id": 35, "customer_id": 15, "product_id": 5, "order_date": "2025-04-18", "quantity": 1, "total_price": 30000},
    {"order_id": 36, "customer_id": 9, "product_id": 7, "order_date": "2025-04-18", "quantity": 2, "total_price": 5000},
    {"order_id": 37, "customer_id": 21, "product_id": 14, "order_date": "2025-04-19", "quantity": 1, "total_price": 1000},
    {"order_id": 38, "customer_id": 5, "product_id": 9, "order_date": "2025-04-19", "quantity": 1, "total_price": 3000},
    {"order_id": 39, "customer_id": 17, "product_id": 12, "order_date": "2025-04-20", "quantity": 2, "total_price": 2400},
    {"order_id": 40, "customer_id": 30, "product_id": 16, "order_date": "2025-04-20", "quantity": 1, "total_price": 3500},
    {"order_id": 41, "customer_id": 2, "product_id": 1, "order_date": "2025-04-21", "quantity": 1, "total_price": 50000},
    {"order_id": 42, "customer_id": 11, "product_id": 10, "order_date": "2025-04-21", "quantity": 2, "total_price": 4000},
    {"order_id": 43, "customer_id": 25, "product_id": 2, "order_date": "2025-04-22", "quantity": 3, "total_price": 2400},
    {"order_id": 44, "customer_id": 7, "product_id": 6, "order_date": "2025-04-22", "quantity": 1, "total_price": 15000},
    {"order_id": 45, "customer_id": 20, "product_id": 13, "order_date": "2025-04-23", "quantity": 2, "total_price": 1600},
    {"order_id": 46, "customer_id": 1, "product_id": 8, "order_date": "2025-04-23", "quantity": 1, "total_price": 5000},
    {"order_id": 47, "customer_id": 28, "product_id": 4, "order_date": "2025-04-24", "quantity": 1, "total_price": 1500},
    {"order_id": 48, "customer_id": 16, "product_id": 11, "order_date": "2025-04-24", "quantity": 1, "total_price": 25000},
    {"order_id": 49, "customer_id": 5, "product_id": 19, "order_date": "2025-04-25", "quantity": 3, "total_price": 1500},
    {"order_id": 50, "customer_id": 22, "product_id": 20, "order_date": "2025-04-25", "quantity": 1, "total_price": 2000}