    {"order_id": 111, "customer_id": 20, "product_id": 2, "order_date": "2025-05-13", "quantity": 3, "total_price": 1950},
    {"order_id": 112, "customer_id": 5, "product_id": 29, "order_date": "2025-05-13", "quantity": 1, "total_price": 1600},
    {"order_id": 113, "customer_id": 45, "product_id": 30, "order_date": "2025-05-13", "quantity": 1, "total_price": 4200},
    {"order_id": 114, "customer_id": 47, "product_id": 38, "order_date": "2025-05-13", "quantity": 1, "total_price": 2700},
    {"order_id": 115, "customer_id": 65, "product_id": 39, "order_date": "2025-05-13", "quantity": 2, "total_price": 2400},
    {"order_id": 116, "customer_id": 66, "product_id": 40, "order_date": "2025-05-13", "quantity": 1, "total_price": 2100},
    {"order_id": 117, "customer_id": 67, "product_id": 41, "order_date": "2025-05-13", "quantity": 1, "total_price": 3800},
    {"order_id": 118, "customer_id": 68, "product_id": 2, "order_date": "2025-05-13", "quantity": 2, "total_price": 1300},
    {"order_id": 119, "customer_id": 69, "product_id": 29, "order_date": "2025-05-13", "quantity": 1, "total_price": 1600},
    {"order_id": 120, "customer_id": 70, "product_id": 30, "order_date": "2025-05-13", "quantity": 1, "total_price": 4200},
    {"order_id": 111, "customer_id": 20, "product_id": 2, "order_date": "2025-05-13", "quantity": 3, "total_price": 1950}, // True duplicate (same order_id)
    {"order_id": 121, "customer_id": 20, "product_id": 38, "order_date": "2025-05-13", "quantity": 1, "total_price": 2700},
    {"order_id": 122, "customer_id": 5, "product_id": 41, "order_date": "2025-05-13", "quantity": 1, "total_price": 3800},
    {"order_id": 123, "customer_id": 45, "product_id": 2, "order_date": "2025-05-13", "quantity": 3, "total_price": 1950},
    {"order_id": null, "customer_id": 47, "product_id": 39, "order_date": "2025-05-13", "quantity": 2, "total_price": 2400}, // Null order_id
    {"order_id": 125, "customer_id": 71, "product_id": 40, "order_date": "2025-05-13", "quantity": 1, "total_price": 2100},
    {"order_id": 126, "customer_id": 72, "product_id": 29, "order_date": "2025-05-13", "quantity": 1, "total_price": 1600},
    {"order_id": 127, "customer_id": 73, "product_id": 41, "order_date": "2025-05-13", "quantity": 1, "total_price": 3800},
    {"order_id": null, "customer_id": 74, "product_id": 2, "order_date": "2025-05-13", "quantity": 2, "total_price": 1300}, // Null order_id
    {"order_id": 129, "customer_id": 75, "product_id": 30, "order_date": "2025-05-13", "quantity": 1, "total_price": 4200},
    {"order_id": 130, "customer_id": 76, "product_id": 38, "order_date": "2025-05-13", "quantity": 1, "total_price": 2700},
    {"order_id": 131, "customer_id": 20, "product_id": 29, "order_date": "2025-05-13", "quantity": 1, "total_price": 1600},
    {"order_id": 132, "customer_id": 5, "product_id": 2, "order_date": "2025-05-13", "quantity": 3, "total_price": 1950},
    {"order_id": 132, "customer_id": 5, "product_id": 2, "order_date": "2025-05-13", "quantity": 3, "total_price": 1950}, // True duplicate (same order_id)
    {"order_id": 133, "customer_id": 45, "product_id": 41, "order_date": "2025-05-13", "quantity": 1, "total_price": null}, // Null total_price
    {"order_id": 134, "customer_id": 77, "product_id": 40, "order_date": "2025-05-13", "quantity": 1, "total_price": 2100},
    {"order_id": 135, "customer_id": 78, "product_id": 2, "order_date": "2025-05-13", "quantity": 2, "total_price": 1300},
    {"order_id": 135, "customer_id": 78, "product_id": 2, "order_date": "2025-05-13", "quantity": 2, "total_price": 1300}, // True duplicate (same order_id)
    {"order_id": 136, "customer_id": 12, "product_id": 38, "order_date": "2025-05-13", "quantity": 1, "total_price": 2700},
    {"order_id": 137, "customer_id": 20, "product_id": 2, "order_date": "2025-05-13", "quantity": 3, "total_price": 1950} // Duplicate row (different order_id, same other columns)