    {"order_id": 192, "customer_id": 20, "product_id": 2, "order_date": "2025-05-16", "quantity": 3, "total_price": 1800, "payment_method": "UPI"},
    {"order_id": 193, "customer_id": 5, "product_id": 62, "order_date": "2025-05-16", "quantity": 1, "total_price": 3000, "payment_method": "Credit Card"},
    {"order_id": 194, "customer_id": 113, "product_id": 63, "order_date": "2025-05-16", "quantity": 2, "total_price": 2400, "payment_method": "Debit Card"},
    {"order_id": 195, "customer_id": 114, "product_id": 65, "order_date": "2025-05-16", "quantity": 1, "total_price": 1300, "payment_method": null}, // Null payment_method
    {"order_id": 196, "customer_id": 115, "product_id": 67, "order_date": "2025-05-16", "quantity": 2, "total_price": 1800, "payment_method": "UPI"},
    {"order_id": 197, "customer_id": 116, "product_id": 68, "order_date": "2025-05-16", "quantity": 1, "total_price": 1500, "payment_method": "Credit Card"},
    {"order_id": 198, "customer_id": 117, "product_id": 70, "order_date": "2025-05-16", "quantity": 3, "total_price": 2100, "payment_method": "UPI"},
    {"order_id": 199, "customer_id": 118, "product_id": 71, "order_date": "2025-05-16", "quantity": 1, "total_price": 3500, "payment_method": "Debit Card"},
    {"order_id": 200, "customer_id": 119, "product_id": 62, "order_date": "2025-05-16", "quantity": 1, "total_price": 3000, "payment_method": "UPI"},
    {"order_id": 192, "customer_id": 20, "product_id": 2, "order_date": "2025-05-16", "quantity": 3, "total_price": 1800, "payment_method": "UPI"}, // True duplicate (same order_id)
    {"order_id": null, "customer_id": 120, "product_id": 63, "order_date": "2025-05-16", "quantity": 2, "total_price": 2400, "payment_method": "Credit Card"}, // Null order_id
    {"order_id": 201, "customer_id": 121, "product_id": 65, "order_date": "2025-05-16", "quantity": 1, "total_price": 1300, "payment_method": "UPI"},
    {"order_id": 202, "customer_id": 122, "product_id": 67, "order_date": "2025-05-16", "quantity": 2, "total_price": 1800, "payment_method": null}, // Null payment_method
    {"order_id": 203, "customer_id": 123, "product_id": 68, "order_date": "2025-05-16", "quantity": 1, "total_price": 1500, "payment_method": "Debit Card"},
    {"order_id": 204, "customer_id": 124, "product_id": 70, "order_date": "2025-05-16", "quantity": 3, "total_price": 2100, "payment_method": "UPI"},
    {"order_id": null, "customer_id": 20, "product_id": 71, "order_date": "2025-05-16", "quantity": 1, "total_price": 3500, "payment_method": "Credit Card"}, // Null order_id
    {"order_id": 205, "customer_id": 5, "product_id": 62, "order_date": "2025-05-16", "quantity": 1, "total_price": 3000, "payment_method": "UPI"},
    {"order_id": 206, "customer_id": 113, "product_id": 63, "order_date": "2025-05-16", "quantity": 2, "total_price": 2400, "payment_method": "Debit Card"},
    {"order_id": 207, "customer_id": 126, "product_id": 65, "order_date": "2025-05-16", "quantity": 1, "total_price": null, "payment_method": "UPI"}, // Null total_price
    {"order_id": 208, "customer_id": 127, "product_id": 67, "order_date": "2025-05-16", "quantity": 2, "total_price": 1800, "payment_method": "Credit Card"},
    {"order_id": 209, "customer_id": 128, "product_id": 68, "order_date": "2025-05-16", "quantity": 1, "total_price": 1500, "payment_method": "UPI"},
    {"order_id": 210, "customer_id": 129, "product_id": 70, "order_date": "2025-05-16", "quantity": 3, "total_price": 2100, "payment_method": "Debit Card"},
    {"order_id": 211, "customer_id": 130, "product_id": 71, "order_date": "2025-05-16", "quantity": 1, "total_price": 3500, "payment_method": "UPI"},
    {"order_id": 212, "customer_id": 20, "product_id": 62, "order_date": "2025-05-16", "quantity": 1, "total_price": 3000, "payment_method": "Credit Card"},
    {"order_id": 213, "customer_id": 5, "product_id": 2, "order_date": "2025-05-16", "quantity": 3, "total_price": 1800, "payment_method": "UPI"},
    {"order_id": 214, "customer_id": 131, "product_id": 63, "order_date": "2025-05-16", "quantity": 2, "total_price": 2400, "payment_method": "Debit Card"},
    {"order_id": 215, "customer_id": 132, "product_id": 65, "order_date": "2025-05-16", "quantity": 1, "total_price": 1300, "payment_method": "UPI"},
    {"order_id": null, "customer_id": 113, "product_id": 67, "order_date": "2025-05-16", "quantity": 2, "total_price": 1800, "payment_method": "Credit Card"}, // Null order_id
    {"order_id": 216, "customer_id": 20, "product_id": 2, "order_date": "2025-05-16", "quantity": 3, "total_price": 1800, "payment_method": "UPI"}, // Duplicate row (different order_id, same other columns)
    {"order_id": 216, "customer_id": 20, "product_id": 2, "order_date": "2025-05-16", "quantity": 3, "total_price": 1800, "payment_method": "UPI"} // True duplicate (same order_id)