    {"order_id": 141, "customer_id": 20, "product_id": 2, "order_date": "2025-05-14", "quantity": 3, "total_price": 1800},
    {"order_id": 142, "customer_id": 5, "product_id": 29, "order_date": "2025-05-14", "quantity": 1, "total_price": 1700},
    {"order_id": 143, "customer_id": 45, "product_id": 41, "order_date": "2025-05-14", "quantity": 1, "total_price": 4000},
    {"order_id": 144, "customer_id": 65, "product_id": 45, "order_date": "2025-05-14", "quantity": 1, "total_price": 5000},
    {"order_id": 145, "customer_id": 79, "product_id": 46, "order_date": "2025-05-14", "quantity": 2, "total_price": 4000},
    {"order_id": 146, "customer_id": 80, "product_id": 2, "order_date": "2025-05-14", "quantity": 2, "total_price": 1200},
    {"order_id": 147, "customer_id": 81, "product_id": 29, "order_date": "2025-05-14", "quantity": 1, "total_price": 1700},
    {"order_id": 148, "customer_id": 82, "product_id": 41, "order_date": "2025-05-14", "quantity": 1, "total_price": 4000},
    {"order_id": 149, "customer_id": 83, "product_id": 46, "order_date": "2025-05-14", "quantity": 1, "total_price": 2000},
    {"order_id": 150, "customer_id": 84, "product_id": 2, "order_date": "2025-05-14", "quantity": 3, "total_price": 1800},
    {"order_id": 141, "customer_id": 20, "product_id": 2, "order_date": "2025-05-14", "quantity": 3, "total_price": 1800}, // True duplicate (same order_id)
    {"order_id": null, "customer_id": 85, "product_id": 29, "order_date": "2025-05-14", "quantity": 1, "total_price": 1700}, // Null order_id
    {"order_id": 151, "customer_id": 86, "product_id": 45, "order_date": "2025-05-14", "quantity": 1, "total_price": 5000},
    {"order_id": 152, "customer_id": 87, "product_id": 46, "order_date": "2025-05-14", "quantity": 2, "total_price": 4000},
    {"order_id": 153, "customer_id": 88, "product_id": 2, "order_date": "2025-05-14", "quantity": 2, "total_price": 1200},
    {"order_id": 154, "customer_id": 20, "product_id": 41, "order_date": "2025-05-14", "quantity": 1, "total_price": 4000},
    {"order_id": 155, "customer_id": 5, "product_id": 29, "order_date": "2025-05-14", "quantity": 1, "total_price": 1700},
    {"order_id": 156, "customer_id": 45, "product_id": 2, "order_date": "2025-05-14", "quantity": 3, "total_price": 1800},
    {"order_id": null, "customer_id": 90, "product_id": 46, "order_date": "2025-05-14", "quantity": 1, "total_price": 2000}, // Null order_id
    {"order_id": 157, "customer_id": 91, "product_id": 50, "order_date": "2025-05-14", "quantity": 2, "total_price": 2400},
    {"order_id": 158, "customer_id": 92, "product_id": 2, "order_date": "2025-05-14", "quantity": 2, "total_price": 1200},
    {"order_id": 159, "customer_id": 20, "product_id": 29, "order_date": "2025-05-14", "quantity": 1, "total_price": 1700},
    {"order_id": 160, "customer_id": 5, "product_id": 46, "order_date": "2025-05-14", "quantity": 1, "total_price": 2000},
    {"order_id": 161, "customer_id": 45, "product_id": 41, "order_date": "2025-05-14", "quantity": 1, "total_price": null}, // Null total_price
    {"order_id": 162, "customer_id": 79, "product_id": 2, "order_date": "2025-05-14", "quantity": 3, "total_price": 1800},
    {"order_id": 162, "customer_id": 79, "product_id": 2, "order_date": "2025-05-14", "quantity": 3, "total_price": 1800}, // True duplicate (same order_id)
    {"order_id": 163, "customer_id": 80, "product_id": 29, "order_date": "2025-05-14", "quantity": 1, "total_price": 1700},
    {"order_id": 164, "customer_id": 20, "product_id": 2, "order_date": "2025-05-14", "quantity": 3, "total_price": 1800}, // Duplicate row (different order_id, same other columns)
    {"order_id": 165, "customer_id": 12, "product_id": 46, "order_date": "2025-05-14", "quantity": 1, "total_price": 2000},
    {"order_id": 166, "customer_id": 65, "product_id": 41, "order_date": "2025-05-14", "quantity": 1, "total_price": 4000}