    {"order_id": 81, "customer_id": 45, "product_id": 28, "order_date": "2025-05-12", "quantity": 2, "total_price": 4400},
    {"order_id": 82, "customer_id": 46, "product_id": 29, "order_date": "2025-05-12", "quantity": 1, "total_price": 1500},
    {"order_id": 83, "customer_id": 47, "product_id": 30, "order_date": "2025-05-12", "quantity": 1, "total_price": 4000},
    {"order_id": 84, "customer_id": 48, "product_id": 31, "order_date": "2025-05-12", "quantity": 2, "total_price": 1600},
    {"order_id": 85, "customer_id": 49, "product_id": 32, "order_date": "2025-05-12", "quantity": 1, "total_price": 3000},
    {"order_id": 86, "customer_id": 50, "product_id": 33, "order_date": "2025-05-12", "quantity": 1, "total_price": 1800},
    {"order_id": 87, "customer_id": 51, "product_id": 34, "order_date": "2025-05-12", "quantity": 3, "total_price": 1500},
    {"order_id": 88, "customer_id": 52, "product_id": 28, "order_date": "2025-05-12", "quantity": 1, "total_price": 2200},
    {"order_id": 89, "customer_id": 53, "product_id": 29, "order_date": "2025-05-12", "quantity": 2, "total_price": 3000},
    {"order_id": 90, "customer_id": 54, "product_id": 30, "order_date": "2025-05-12", "quantity": 1, "total_price": 4000},
    {"order_id": 91, "customer_id": 55, "product_id": 31, "order_date": "2025-05-12", "quantity": 2, "total_price": 1600},
    {"order_id": 92, "customer_id": 56, "product_id": 33, "order_date": "2025-05-12", "quantity": 1, "total_price": 1800},
    {"order_id": 93, "customer_id": 57, "product_id": 28, "order_date": "2025-05-12", "quantity": 2, "total_price": 4400},
    {"order_id": 94, "customer_id": 58, "product_id": 29, "order_date": "2025-05-12", "quantity": 1, "total_price": 1500},
    {"order_id": 95, "customer_id": 59, "product_id": 32, "order_date": "2025-05-12", "quantity": 1, "total_price": 3000},
    {"order_id": 96, "customer_id": 60, "product_id": 34, "order_date": "2025-05-12", "quantity": 3, "total_price": 1500},
    {"order_id": 97, "customer_id": 45, "product_id": 28, "order_date": "2025-05-12", "quantity": 2, "total_price": 4400}, // Duplicate order with order_id 81
    {"order_id": 98, "customer_id": 46, "product_id": 33, "order_date": "2025-05-12", "quantity": 1, "total_price": 1800},
    {"order_id": 99, "customer_id": 47, "product_id": 30, "order_date": "2025-05-12", "quantity": 1, "total_price": 4000}, // Duplicate order with order_id 83
    {"order_id": 100, "customer_id": 48, "product_id": 35, "order_date": "2025-05-12", "quantity": 1, "total_price": 2300},
    {"order_id": 101, "customer_id": 49, "product_id": 29, "order_date": "2025-05-12", "quantity": 2, "total_price": 3000},
    {"order_id": 102, "customer_id": 50, "product_id": 31, "order_date": "2025-05-12", "quantity": 2, "total_price": 1600},
    {"order_id": 103, "customer_id": 51, "product_id": 33, "order_date": "2025-05-12", "quantity": 1, "total_price": 1800},
    {"order_id": 104, "customer_id": 52, "product_id": 28, "order_date": "2025-05-12", "quantity": 2, "total_price": 4400},
    {"order_id": 105, "customer_id": 53, "product_id": 34, "order_date": "2025-05-12", "quantity": 3, "total_price": 1500},
    {"order_id": 106, "customer_id": 54, "product_id": 32, "order_date": "2025-05-12", "quantity": 1, "total_price": 3000},
    {"order_id": 107, "customer_id": 55, "product_id": 29, "order_date": "2025-05-12", "quantity": 1, "total_price": 1500},
    {"order_id": 108, "customer_id": 56, "product_id": 36, "order_date": "2025-05-12", "quantity": 1, "total_price": null}, // Null total_price
    {"order_id": 109, "customer_id": 57, "product_id": 30, "order_date": "2025-05-12", "quantity": 1, "total_price": 4000},
    {"order_id": 110, "customer_id": 58, "product_id": 33, "order_date": "2025-05-12", "quantity": 1, "total_price": 1800}