    {"order_id": 217, "customer_id": 20, "product_id": 2, "order_date": "2025-05-17", "quantity": 3, "total_price": 1800, "payment_method": "UPI"},
    {"order_id": 218, "customer_id": 5, "product_id": 72, "order_date": "2025-05-17", "quantity": 1, "total_price": 2000, "payment_method": "Credit Card"},
    {"order_id": 219, "customer_id": 133, "product_id": 73, "order_date": "2025-05-17", "quantity": 2, "total_price": 5000, "payment_method": "Debit Card"},
    {"order_id": 220, "customer_id": 134, "product_id": 74, "order_date": "2025-05-17", "quantity": 1, "total_price": null, "payment_method": "Cash on Delivery"},
    {"order_id": null, "customer_id": 135, "product_id": 75, "order_date": "2025-05-17", "quantity": 2, "total_price": 5200, "payment_method": null},
    {"order_id": 221, "customer_id": 20, "product_id": 76, "order_date": "2025-05-17", "quantity": 4, "total_price": 2400, "payment_method": "UPI"},
    {"order_id": 222, "customer_id": 136, "product_id": 77, "order_date": "2025-05-17", "quantity": 1, "total_price": 1800, "payment_method": "Credit Card"},
    {"order_id": 223, "customer_id": 137, "product_id": 78, "order_date": "2025-05-17", "quantity": 2, "total_price": 2400, "payment_method": "Debit Card"},
    {"order_id": 224, "customer_id": 5, "product_id": 79, "order_date": "2025-05-17", "quantity": 3, "total_price": 1500, "payment_method": "UPI"},
    {"order_id": 225, "customer_id": 138, "product_id": 80, "order_date": "2025-05-17", "quantity": 1, "total_price": 1500, "payment_method": null},
    {"order_id": 217, "customer_id": 20, "product_id": 2, "order_date": "2025-05-17", "quantity": 3, "total_price": 1800, "payment_method": "UPI"},
    {"order_id": 226, "customer_id": 139, "product_id": 81, "order_date": "2025-05-18", "quantity": 2, "total_price": 800, "payment_method": "Credit Card"},
    {"order_id": 227, "customer_id": 140, "product_id": 82, "order_date": "2025-05-18", "quantity": 1, "total_price": 2800, "payment_method": "Debit Card"},
    {"order_id": 228, "customer_id": 20, "product_id": 83, "order_date": "2025-05-18", "quantity": 1, "total_price": null, "payment_method": "UPI"},
    {"order_id": 229, "customer_id": 141, "product_id": 84, "order_date": "2025-05-18", "quantity": 2, "total_price": 5800, "payment_method": "Cash on Delivery"},
    {"order_id": null, "customer_id": 142, "product_id": 85, "order_date": "2025-05-18", "quantity": 3, "total_price": 2100, "payment_method": null},
    {"order_id": 230, "customer_id": 5, "product_id": 86, "order_date": "2025-05-18", "quantity": 1, "total_price": 2200, "payment_method": "Credit Card"},
    {"order_id": 231, "customer_id": 143, "product_id": 87, "order_date": "2025-05-18", "quantity": 4, "total_price": 1200, "payment_method": "Debit Card"},
    {"order_id": 232, "customer_id": 144, "product_id": 88, "order_date": "2025-05-18", "quantity": 2, "total_price": 1200, "payment_method": "UPI"},
    {"order_id": 233, "customer_id": 20, "product_id": 89, "order_date": "2025-05-18", "quantity": 1, "total_price": 3500, "payment_method": "Cash on Delivery"},
    {"order_id": 234, "customer_id": 145, "product_id": 90, "order_date": "2025-05-18", "quantity": 2, "total_price": 3000, "payment_method": "Credit Card"},
    {"order_id": 226, "customer_id": 139, "product_id": 81, "order_date": "2025-05-19", "quantity": 2, "total_price": 800, "payment_method": "Credit Card"},
    {"order_id": 235, "customer_id": 146, "product_id": 91, "order_date": "2025-05-19", "quantity": 1, "total_price": 5000, "payment_method": "Debit Card"},
    {"order_id": 236, "customer_id": 5, "product_id": 92, "order_date": "2025-05-19", "quantity": 1, "total_price": 2500, "payment_method": "UPI"},
    {"order_id": 237, "customer_id": 147, "product_id": 93, "order_date": "2025-05-19", "quantity": 3, "total_price": 2400, "payment_method": null},
    {"order_id": null, "customer_id": 148, "product_id": 94, "order_date": "2025-05-19", "quantity": 2, "total_price": 2400, "payment_method": "Credit Card"},
    {"order_id": 238, "customer_id": 20, "product_id": 95, "order_date": "2025-05-19", "quantity": 1, "total_price": 3000, "payment_method": "Debit Card"},
    {"order_id": 239, "customer_id": 149, "product_id": 96, "order_date": "2025-05-19", "quantity": 2, "total_price": 4000, "payment_method": "UPI"},
    {"order_id": 240, "customer_id": 150, "product_id": 97, "order_date": "2025-05-19", "quantity": 4, "total_price": 2400, "payment_method": "Cash on Delivery"},
    {"order_id": 241, "customer_id": 151, "product_id": 98, "order_date": "2025-05-19", "quantity": 1, "total_price": 1600, "payment_method": "Credit Card"},
    {"order_id": 242, "customer_id": 5, "product_id": 99, "order_date": "2025-05-19", "quantity": 2, "total_price": 2000, "payment_method": "Debit Card"},
    {"order_id": 243, "customer_id": 152, "product_id": 100, "order_date": "2025-05-20", "quantity": 3, "total_price": 2100, "payment_method": "UPI"},
    {"order_id": 244, "customer_id": 20, "product_id": 101, "order_date": "2025-05-20", "quantity": 1, "total_price": 2400, "payment_method": null},
    {"order_id": 245, "customer_id": 153, "product_id": 102, "order_date": "2025-05-20", "quantity": 5, "total_price": 1000, "payment_method": "Credit Card"},
    {"order_id": null, "customer_id": 154, "product_id": 103, "order_date": "2025-05-20", "quantity": 2, "total_price": 1800, "payment_method": "Debit Card"},
    {"order_id": 246, "customer_id": 155, "product_id": 104, "order_date": "2025-05-20", "quantity": 3, "total_price": 1800, "payment_method": "UPI"},
    {"order_id": 247, "customer_id": 5, "product_id": 105, "order_date": "2025-05-20", "quantity": 1, "total_price": 1500, "payment_method": "Cash on Delivery"},
    {"order_id": 248, "customer_id": 156, "product_id": 106, "order_date": "2025-05-20", "quantity": 2, "total_price": 3600, "payment_method": "Credit Card"},
    {"order_id": 249, "customer_id": 157, "product_id": 107, "order_date": "2025-05-20", "quantity": 1, "total_price": 1000, "payment_method": "Debit Card"},
    {"order_id": 250, "customer_id": 20, "product_id": 108, "order_date": "2025-05-20", "quantity": 1, "total_price": 2500, "payment_method": "UPI"},
    {"order_id": 251, "customer_id": 158, "product_id": 109, "order_date": "2025-05-20", "quantity": 2, "total_price": 1300, "payment_method": null},
    {"order_id": 252, "customer_id": 159, "product_id": 110, "order_date": "2025-05-21", "quantity": 3, "total_price": 1200, "payment_method": "Credit Card"},
    {"order_id": 253, "customer_id": 5, "product_id": 111, "order_date": "2025-05-21", "quantity": 2, "total_price": 1000, "payment_method": "Debit Card"},
    {"order_id": 254, "customer_id": 160, "product_id": 112, "order_date": "2025-05-21", "quantity": 1, "total_price": 2000, "payment_method": "UPI"},
    {"order_id": null, "customer_id": 161, "product_id": 113, "order_date": "2025-05-21", "quantity": 4, "total_price": 1200, "payment_method": "Cash on Delivery"},
    {"order_id": 255, "customer_id": 20, "product_id": 114, "order_date": "2025-05-21", "quantity": 2, "total_price": 800, "payment_method": "Credit Card"},
    {"order_id": 256, "customer_id": 162, "product_id": 115, "order_date": "2025-05-21", "quantity": 3, "total_price": 1800, "payment_method": "Debit Card"},
    {"order_id": 257, "customer_id": 163, "product_id": 116, "order_date": "2025-05-21", "quantity": 1, "total_price": 800, "payment_method": "UPI"},
    {"order_id": 258, "customer_id": 5, "product_id": 117, "order_date": "2025-05-21", "quantity": 2, "total_price": 2000, "payment_method": null},
    {"order_id": 259, "customer_id": 164, "product_id": 118, "order_date": "2025-05-21", "quantity": 5, "total_price": 1500, "payment_method": "Credit Card"},
    {"order_id": 260, "customer_id": 165, "product_id": 119, "order_date": "2025-05-21", "quantity": 1, "total_price": 2100, "payment_method": "Debit Card"},
    {"order_id": 261, "customer_id": 20, "product_id": 120, "order_date": "2025-05-22", "quantity": 2, "total_price": 1800, "payment_method": "UPI"},
    {"order_id": 262, "customer_id": 166, "product_id": 121, "order_date": "2025-05-22", "quantity": 1, "total_price": 1800, "payment_method": "Cash on Delivery"},
    {"order_id": 263, "customer_id": 5, "product_id": 122, "order_date": "2025-05-22", "quantity": 3, "total_price": 1500, "payment_method": "Credit Card"},
    {"order_id": null, "customer_id": 167, "product_id": 123, "order_date": "2025-05-22", "quantity": 2, "total_price": 2400, "payment_method": "Debit Card"},
    {"order_id": 264, "customer_id": 168, "product_id": 124, "order_date": "2025-05-22", "quantity": 1, "total_price": 800, "payment_method": "UPI"},
    {"order_id": 265, "customer_id": 169, "product_id": 125, "order_date": "2025-05-22", "quantity": 2, "total_price": 2000, "payment_method": "Credit Card"},
    {"order_id": 266, "customer_id": 20, "product_id": 126, "order_date": "2025-05-22", "quantity": 1, "total_price": 1200, "payment_method": null},
    {"order_id": 267, "customer_id": 170, "product_id": 127, "order_date": "2025-05-22", "quantity": 1, "total_price": 1500, "payment_method": "Debit Card"},
    {"order_id": 268, "customer_id": 171, "product_id": 128, "order_date": "2025-05-22", "quantity": 2, "total_price": 4000, "payment_method": "UPI"},
    {"order_id": 269, "customer_id": 5, "product_id": 129, "order_date": "2025-05-22", "quantity": 3, "total_price": 2550, "payment_method": "Cash on Delivery"},
    {"order_id": 270, "customer_id": 172, "product_id": 130, "order_date": "2025-05-23", "quantity": 1, "total_price": 600, "payment_method": "Credit Card"},
    {"order_id": 271, "customer_id": 173, "product_id": 131, "order_date": "2025-05-23", "quantity": 1, "total_price": 5000, "payment_method": "Debit Card"},
    {"order_id": 272, "customer_id": 20, "product_id": 132, "order_date": "2025-05-23", "quantity": 2, "total_price": 6000, "payment_method": "UPI"},
    {"order_id": null, "customer_id": 174, "product_id": 133, "order_date": "2025-05-23", "quantity": 5, "total_price": 1000, "payment_method": null},
    {"order_id": 273, "customer_id": 175, "product_id": 134, "order_date": "2025-05-23", "quantity": 1, "total_price": 2200, "payment_method": "Credit Card"},
    {"order_id": 274, "customer_id": 5, "product_id": 135, "order_date": "2025-05-23", "quantity": 2, "total_price": 1400, "payment_method": "Debit Card"},
    {"order_id": 275, "customer_id": 176, "product_id": 136, "order_date": "2025-05-23", "quantity": 1, "total_price": 1500, "payment_method": "UPI"},
    {"order_id": 276, "customer_id": 177, "product_id": 137, "order_date": "2025-05-23", "quantity": 2, "total_price": 2400, "payment_method": "Cash on Delivery"},
    {"order_id": 277, "customer_id": 20, "product_id": 138, "order_date": "2025-05-23", "quantity": 3, "total_price": 2400, "payment_method": "Credit Card"},
    {"order_id": 278, "customer_id": 178, "product_id": 139, "order_date": "2025-05-23", "quantity": 1, "total_price": 300, "payment_method": "Debit Card"},
    {"order_id": 279, "customer_id": 179, "product_id": 140, "order_date": "2025-05-24", "quantity": 2, "total_price": 1000, "payment_method": "UPI"},
    {"order_id": 280, "customer_id": 5, "product_id": 141, "order_date": "2025-05-24", "quantity": 1, "total_price": 1500, "payment_method": null},
    {"order_id": 281, "customer_id": 180, "product_id": 142, "order_date": "2025-05-24", "quantity": 3, "total_price": 1200, "payment_method": "Credit Card"},
    {"order_id": null, "customer_id": 181, "product_id": 143, "order_date": "2025-05-24", "quantity": 4, "total_price": 1200, "payment_method": "Debit Card"},
    {"order_id": 282, "customer_id": 20, "product_id": 144, "order_date": "2025-05-24", "quantity": 1, "total_price": 2000, "payment_method": "UPI"},
    {"order_id": 283, "customer_id": 182, "product_id": 145, "order_date": "2025-05-24", "quantity": 2, "total_price": 2400, "payment_method": "Cash on Delivery"},
    {"order_id": 284, "customer_id": 183, "product_id": 146, "order_date": "2025-05-24", "quantity": 1, "total_price": 800, "payment_method": "Credit Card"},
    {"order_id": 285, "customer_id": 5, "product_id": 147, "order_date": "2025-05-24", "quantity": 2, "total_price": 2000, "payment_method": "Debit Card"},
    {"order_id": 286, "customer_id": 184, "product_id": 148, "order_date": "2025-05-24", "quantity": 1, "total_price": 2200, "payment_method": "UPI"},
    {"order_id": 287, "customer_id": 185, "product_id": 149, "order_date": "2025-05-24", "quantity": 1, "total_price": 3000, "payment_method": null},
    {"order_id": 288, "customer_id": 20, "product_id": 150, "order_date": "2025-05-25", "quantity": 2, "total_price": 1800, "payment_method": "Credit Card"},
    {"order_id": 289, "customer_id": 186, "product_id": 151, "order_date": "2025-05-25", "quantity": 3, "total_price": 1800, "payment_method": "Debit Card"},
    {"order_id": 290, "customer_id": 5, "product_id": 152, "order_date": "2025-05-25", "quantity": 1, "total_price": 1700, "payment_method": "UPI"},
    {"order_id": null, "customer_id": 187, "product_id": 153, "order_date": "2025-05-25", "quantity": 2, "total_price": 2200, "payment_method": "Cash on Delivery"},
    {"order_id": 291, "customer_id": 188, "product_id": 154, "order_date": "2025-05-25", "quantity": 1, "total_price": 650, "payment_method": "Credit Card"},
    {"order_id": 292, "customer_id": 20, "product_id": 155, "order_date": "2025-05-25", "quantity": 2, "total_price": 1700, "payment_method": "Debit Card"},
    {"order_id": 293, "customer_id": 189, "product_id": 156, "order_date": "2025-05-25", "quantity": 1, "total_price": 900, "payment_method": "UPI"},
    {"order_id": 294, "customer_id": 190, "product_id": 157, "order_date": "2025-05-25", "quantity": 1, "total_price": null, "payment_method": null},
    {"order_id": 295, "customer_id": 5, "product_id": 158, "order_date": "2025-05-25", "quantity": 3, "total_price": 1050, "payment_method": "Credit Card"},
    {"order_id": 296, "customer_id": 191, "product_id": 159, "order_date": "2025-05-25", "quantity": 1, "total_price": 2600, "payment_method": "Debit Card"},
    {"order_id": 297, "customer_id": 20, "product_id": 160, "order_date": "2025-05-26", "quantity": 2, "total_price": 6200, "payment_method": "UPI"},
    {"order_id": 298, "customer_id": 192, "product_id": 161, "order_date": "2025-05-26", "quantity": 1, "total_price": 1900, "payment_method": "Cash on Delivery"},
    {"order_id": 299, "customer_id": 5, "product_id": 162, "order_date": "2025-05-26", "quantity": 2, "total_price": 1100, "payment_method": "Credit Card"},
    {"order_id": null, "customer_id": 193, "product_id": 163, "order_date": "2025-05-26", "quantity": 1, "total_price": 2500, "payment_method": "Debit Card"},
    {"order_id": 300, "customer_id": 194, "product_id": 164, "order_date": "2025-05-26", "quantity": 3, "total_price": 1650, "payment_method": "UPI"},
    {"order_id": 301, "customer_id": 20, "product_id": 165, "order_date": "2025-05-26", "quantity": 1, "total_price": 2100, "payment_method": null},
    {"order_id": 302, "customer_id": 195, "product_id": 166, "order_date": "2025-05-26", "quantity": 2, "total_price": 900, "payment_method": "Credit Card"},
    {"order_id": 303, "customer_id": 196, "product_id": 167, "order_date": "2025-05-26", "quantity": 1, "total_price": 450, "payment_method": "Debit Card"},
    {"order_id": 304, "customer_id": 5, "product_id": 168, "order_date": "2025-05-26", "quantity": 1, "total_price": 2600, "payment_method": "UPI"},
    {"order_id": 305, "customer_id": 197, "product_id": 169, "order_date": "2025-05-26", "quantity": 2, "total_price": 1400, "payment_method": "Cash on Delivery"},
    {"order_id": 306, "customer_id": 20, "product_id": 170, "order_date": "2025-05-27", "quantity": 1, "total_price": 1100, "payment_method": "Credit Card"},
    {"order_id": 307, "customer_id": 198, "product_id": 171, "order_date": "2025-05-27", "quantity": 2, "total_price": 1900, "payment_method": "Debit Card"},
    {"order_id": 308, "customer_id": 5, "product_id": 172, "order_date": "2025-05-27", "quantity": 1, "total_price": 1100, "payment_method": "UPI"},
    {"order_id": null, "customer_id": 199, "product_id": 173, "order_date": "2025-05-27", "quantity": 3, "total_price": 750, "payment_method": null},
    {"order_id": 309, "customer_id": 200, "product_id": 174, "order_date": "2025-05-27", "quantity": 1, "total_price": 2300, "payment_method": "Credit Card"},
    {"order_id": 310, "customer_id": 20, "product_id": 175, "order_date": "2025-05-27", "quantity": 2, "total_price": 3200, "payment_method": "Debit Card"},
    {"order_id": 311, "customer_id": 201, "product_id": 176, "order_date": "2025-05-27", "quantity": 1, "total_price": 1300, "payment_method": "UPI"},
    {"order_id": 312, "customer_id": 5, "product_id": 177, "order_date": "2025-05-27", "quantity": 2, "total_price": 1700, "payment_method": "Cash on Delivery"},
    {"order_id": 313, "customer_id": 202, "product_id": 178, "order_date": "2025-05-27", "quantity": 1, "total_price": 2100, "payment_method": "Credit Card"},
    {"order_id": 314, "customer_id": 20, "product_id": 179, "order_date": "2025-05-27", "quantity": 1, "total_price": 850, "payment_method": "Debit Card"},
    {"order_id": 315, "customer_id": 203, "product_id": 180, "order_date": "2025-05-28", "quantity": 2, "total_price": 3200, "payment_method": "UPI"},
    {"order_id": 316, "customer_id": 5, "product_id": 181, "order_date": "2025-05-28", "quantity": 1, "total_price": 1100, "payment_method": null},
    {"order_id": 317, "customer_id": 204, "product_id": 182, "order_date": "2025-05-28", "quantity": 3, "total_price": 1350, "payment_method": "Credit Card"},
    {"order_id": null, "customer_id": 205, "product_id": 183, "order_date": "2025-05-28", "quantity": 2, "total_price": 700, "payment_method": "Debit Card"},
    {"order_id": 318, "customer_id": 20, "product_id": 184, "order_date": "2025-05-28", "quantity": 1, "total_price": 2700, "payment_method": "UPI"},
    {"order_id": 319, "customer_id": 206, "product_id": 185, "order_date": "2025-05-28", "quantity": 2, "total_price": 2600, "payment_method": "Cash on Delivery"},
    {"order_id": 320, "customer_id": 207, "product_id": 186, "order_date": "2025-05-28", "quantity": 1, "total_price": 2100, "payment_method": "Credit Card"},
    {"order_id": 321, "customer_id": 5, "product_id": 187, "order_date": "2025-05-28", "quantity": 2, "total_price": 1800, "payment_method": "Debit Card"},
    {"order_id": 322, "customer_id": 208, "product_id": 188, "order_date": "2025-05-28", "quantity": 1, "total_price": 950, "payment_method": "UPI"},
    {"order_id": 323, "customer_id": 20, "product_id": 189, "order_date": "2025-05-28", "quantity": 1, "total_price": null, "payment_method": null},
    {"order_id": 324, "customer_id": 209, "product_id": 190, "order_date": "2025-05-29", "quantity": 3, "total_price": 1200, "payment_method": "Credit Card"},
    {"order_id": 325, "customer_id": 5, "product_id": 191, "order_date": "2025-05-29", "quantity": 1, "total_price": 2300, "payment_method": "Debit Card"},
    {"order_id": 326, "customer_id": 210, "product_id": 192, "order_date": "2025-05-29", "quantity": 2, "total_price": 6400, "payment_method": "UPI"},
    {"order_id": null, "customer_id": 211, "product_id": 193, "order_date": "2025-05-29", "quantity": 1, "total_price": 2000, "payment_method": "Cash on Delivery"},
    {"order_id": 327, "customer_id": 20, "product_id": 194, "order_date": "2025-05-29", "quantity": 2, "total_price": 4000, "payment_method": "Credit Card"},
    {"order_id": 328, "customer_id": 212, "product_id": 195, "order_date": "2025-05-29", "quantity": 1, "total_price": 2600, "payment_method": "Debit Card"},
    {"order_id": 329, "customer_id": 213, "product_id": 196, "order_date": "2025-05-29", "quantity": 2, "total_price": 1200, "payment_method": "UPI"},
    {"order_id": 330, "customer_id": 5, "product_id": 197, "order_date": "2025-05-29", "quantity": 1, "total_price": 2200, "payment_method": null},
    {"order_id": 331, "customer_id": 214, "product_id": 198, "order_date": "2025-05-29", "quantity": 3, "total_price": 1500, "payment_method": "Credit Card"},
    {"order_id": 332, "customer_id": 20, "product_id": 199, "order_date": "2025-05-29", "quantity": 1, "total_price": 500, "payment_method": "Debit Card"},
    {"order_id": 333, "customer_id": 215, "product_id": 200, "order_date": "2025-05-30", "quantity": 2, "total_price": 5400, "payment_method": "UPI"},
    {"order_id": 334, "customer_id": 5, "product_id": 201, "order_date": "2025-05-30", "quantity": 1, "total_price": 750, "payment_method": "Cash on Delivery"},
    {"order_id": 335, "customer_id": 216, "product_id": 202, "order_date": "2025-05-30", "quantity": 2, "total_price": 2400, "payment_method": "Credit Card"},
    {"order_id": null, "customer_id": 217, "product_id": 203, "order_date": "2025-05-30", "quantity": 1, "total_price": 1000, "payment_method": "Debit Card"},
    {"order_id": 336, "customer_id": 20, "product_id": 204, "order_date": "2025-05-30", "quantity": 1, "total_price": 1200, "payment_method": "UPI"},
    {"order_id": 337, "customer_id": 218, "product_id": 205, "order_date": "2025-05-30", "quantity": 3, "total_price": 900, "payment_method": null},
    {"order_id": 338, "customer_id": 219, "product_id": 206, "order_date": "2025-05-30", "quantity": 1, "total_price": 2400, "payment_method": "Credit Card"},
    {"order_id": 339, "customer_id": 5, "product_id": 207, "order_date": "2025-05-30", "quantity": 2, "total_price": 3400, "payment_method": "Debit Card"},
    {"order_id": 340, "customer_id": 220, "product_id": 208, "order_date": "2025-05-30", "quantity": 1, "total_price": 1400, "payment_method": "UPI"},
    {"order_id": 341, "customer_id": 20, "product_id": 209, "order_date": "2025-05-30", "quantity": 2, "total_price": 1800, "payment_method": "Cash on Delivery"},
    {"order_id": 342, "customer_id": 221, "product_id": 210, "order_date": "2025-05-30", "quantity": 1, "total_price": 2200, "payment_method": "Credit Card"},
    {"order_id": 343, "customer_id": 5, "product_id": 211, "order_date": "2025-05-30", "quantity": 1, "total_price": 900, "payment_method": "Debit Card"},
    {"order_id": 344, "customer_id": 222, "product_id": 212, "order_date": "2025-05-30", "quantity": 2, "total_price": 3400, "payment_method": "UPI"},
    {"order_id": 345, "customer_id": 20, "product_id": 213, "order_date": "2025-05-30", "quantity": 1, "total_price": 1200, "payment_method": null},
    {"order_id": 346, "customer_id": 223, "product_id": 214, "order_date": "2025-05-30", "quantity": 3, "total_price": 1500, "payment_method": "Credit Card"},
    {"order_id": 347, "customer_id": 224, "product_id": 215, "order_date": "2025-05-30", "quantity": 1, "total_price": 400, "payment_method": "Debit Card"},
    {"order_id": 348, "customer_id": 5, "product_id": 216, "order_date": "2025-05-30", "quantity": 1, "total_price": 2800, "payment_method": "UPI"},
    {"order_id": 349, "customer_id": 225, "product_id": 217, "order_date": "2025-05-30", "quantity": 2, "total_price": 2800, "payment_method": "Cash on Delivery"},
    {"order_id": 350, "customer_id": 20, "product_id": 218, "order_date": "2025-05-30", "quantity": 1, "total_price": 2200, "payment_method": "Credit Card"},
    {"order_id": 351, "customer_id": 226, "product_id": 219, "order_date": "2025-05-30", "quantity": 2, "total_price": 1900, "payment_method": "Debit Card"},
    {"order_id": 352, "customer_id": 227, "product_id": 220, "order_date": "2025-05-30", "quantity": 1, "total_price": 1000, "payment_method": "UPI"},
    {"order_id": 353, "customer_id": 5, "product_id": 221, "order_date": "2025-05-30", "quantity": 1, "total_price": 1000, "payment_method": null},
    {"order_id": 354, "customer_id": 228, "product_id": 72, "order_date": "2025-05-30", "quantity": 2, "total_price": 4000, "payment_method": "Credit Card"},
    {"order_id": 355, "customer_id": 20, "product_id": 81, "order_date": "2025-05-30", "quantity": 1, "total_price": 400, "payment_method": "Debit Card"},
    {"order_id": 356, "customer_id": 229, "product_id": 90, "order_date": "2025-05-30", "quantity": 1, "total_price": 1500, "payment_method": "UPI"},
    {"order_id": 357, "customer_id": 5, "product_id": 104, "order_date": "2025-05-30", "quantity": 2, "total_price": 1200, "payment_method": "Cash on Delivery"},
    {"order_id": 358, "customer_id": 230, "product_id": 119, "order_date": "2025-05-30", "quantity": 1, "total_price": 2100, "payment_method": "Credit Card"},
    {"order_id": 359, "customer_id": 20, "product_id": 152, "order_date": "2025-05-30", "quantity": 1, "total_price": 1700, "payment_method": "Debit Card"},
    {"order_id": 217, "customer_id": 20, "product_id": 2, "order_date": "2025-05-17", "quantity": 3, "total_price": 1800, "payment_method": "UPI"},
    {"order_id": 226, "customer_id": 139, "product_id": 81, "order_date": "2025-05-18", "quantity": 2, "total_price": 800, "payment_method": "Credit Card"},
    {"order_id": 235, "customer_id": 146, "product_id": 91, "order_date": "2025-05-19", "quantity": 1, "total_price": 5000, "payment_method": "Debit Card"},
    {"order_id": 246, "customer_id": 155, "product_id": 104, "order_date": "2025-05-20", "quantity": 3, "total_price": 1800, "payment_method": "UPI"},
    {"order_id": 255, "customer_id": 20, "product_id": 114, "order_date": "2025-05-21", "quantity": 2, "total_price": 800, "payment_method": "Credit Card"},
    {"order_id": 264, "customer_id": 168, "product_id": 124, "order_date": "2025-05-22", "quantity": 1, "total_price": 800, "payment_method": "UPI"},
    {"order_id": 273, "customer_id": 175, "product_id": 134, "order_date": "2025-05-23", "quantity": 1, "total_price": 2200, "payment_method": "Credit Card"},
    {"order_id": 282, "customer_id": 20, "product_id": 144, "order_date": "2025-05-24", "quantity": 1, "total_price": 2000, "payment_method": "UPI"},
    {"order_id": 291, "customer_id": 188, "product_id": 154, "order_date": "2025-05-25", "quantity": 1, "total_price": 650, "payment_method": "Credit Card"},
    {"order_id": 300, "customer_id": 194, "product_id": 164, "order_date": "2025-05-26", "quantity": 3, "total_price": 1650, "payment_method": "UPI"},
    {"order_id": 309, "customer_id": 200, "product_id": 174, "order_date": "2025-05-27", "quantity": 1, "total_price": 2300, "payment_method": "Credit Card"},
    {"order_id": 318, "customer_id": 20, "product_id": 184, "order_date": "2025-05-28", "quantity": 1, "total_price": 2700, "payment_method": "UPI"},
    {"order_id": 360, "customer_id": 231, "product_id": 2, "order_date": "2025-05-17", "quantity": 2, "total_price": 1200, "payment_method": "Debit Card"},
    {"order_id": 361, "customer_id": 232, "product_id": 72, "order_date": "2025-05-17", "quantity": 1, "total_price": 2000, "payment_method": "UPI"},
    {"order_id": 362, "customer_id": 233, "product_id": 73, "order_date": "2025-05-17", "quantity": 1, "total_price": 2500, "payment_method": "Credit Card"},
    {"order_id": 363, "customer_id": 234, "product_id": 74, "order_date": "2025-05-17", "quantity": 2, "total_price": null, "payment_method": "Cash on Delivery"},
    {"order_id": 364, "customer_id": 235, "product_id": 75, "order_date": "2025-05-17", "quantity": 1, "total_price": 2600, "payment_method": "Debit Card"},
    {"order_id": 365, "customer_id": 236, "product_id": 76, "order_date": "2025-05-17", "quantity": 3, "total_price": 1800, "payment_method": "UPI"},
    {"order_id": 366, "customer_id": 237, "product_id": 77, "order_date": "2025-05-17", "quantity": 1, "total_price": 1800, "payment_method": null},
    {"order_id": 367, "customer_id": 238, "product_id": 78, "order_date": "2025-05-17", "quantity": 2, "total_price": 2400, "payment_method": "Credit Card"},
    {"order_id": 368, "customer_id": 239, "product_id": 79, "order_date": "2025-05-17", "quantity": 1, "total_price": 500, "payment_method": "Debit Card"},
    {"order_id": 369, "customer_id": 240, "product_id": 80, "order_date": "2025-05-17", "quantity": 2, "total_price": 3000, "payment_method": "UPI"},
    {"order_id": 370, "customer_id": 241, "product_id": 81, "order_date": "2025-05-18", "quantity": 1, "total_price": 400, "payment_method": "Credit Card"},
    {"order_id": 371, "customer_id": 242, "product_id": 82, "order_date": "2025-05-18", "quantity": 1, "total_price": 2800, "payment_method": "Debit Card"},
    {"order_id": 372, "customer_id": 243, "product_id": 83, "order_date": "2025-05-18", "quantity": 2, "total_price": null, "payment_method": "UPI"},
    {"order_id": 373, "customer_id": 244, "product_id": 84, "order_date": "2025-05-18", "quantity": 1, "total_price": 2900, "payment_method": "Cash on Delivery"},
    {"order_id": 374, "customer_id": 245, "product_id": 85, "order_date": "2025-05-18", "quantity": 1, "total_price": 700, "payment_method": "Credit Card"},
    {"order_id": 375, "customer_id": 246, "product_id": 86, "order_date": "2025-05-18", "quantity": 2, "total_price": 4400, "payment_method": "Debit Card"},
    {"order_id": 376, "customer_id": 247, "product_id": 87, "order_date": "2025-05-18", "quantity": 1, "total_price": 300, "payment_method": "UPI"},
    {"order_id": 377, "customer_id": 248, "product_id": 88, "order_date": "2025-05-18", "quantity": 3, "total_price": 1800, "payment_method": null},
    {"order_id": 378, "customer_id": 249, "product_id": 89, "order_date": "2025-05-18", "quantity": 1, "total_price": 3500, "payment_method": "Credit Card"},
    {"order_id": 379, "customer_id": 250, "product_id": 90, "order_date": "2025-05-18", "quantity": 2, "total_price": 3000, "payment_method": "Debit Card"},
    {"order_id": 380, "customer_id": 251, "product_id": 91, "order_date": "2025-05-19", "quantity": 1, "total_price": 5000, "payment_method": "UPI"},
    {"order_id": 381, "customer_id": 252, "product_id": 92, "order_date": "2025-05-19", "quantity": 1, "total_price": 2500, "payment_method": "Cash on Delivery"},
    {"order_id": 382, "customer_id": 253, "product_id": 93, "order_date": "2025-05-19", "quantity": 2, "total_price": 1600, "payment_method": "Credit Card"},
    {"order_id": 383, "customer_id": 254, "product_id": 94, "order_date": "2025-05-19", "quantity": 1, "total_price": 1200, "payment_method": "Debit Card"},
    {"order_id": 384, "customer_id": 255, "product_id": 95, "order_date": "2025-05-19", "quantity": 1, "total_price": 3000, "payment_method": "UPI"},
    {"order_id": 385, "customer_id": 256, "product_id": 96, "order_date": "2025-05-19", "quantity": 2, "total_price": 4000, "payment_method": null},
    {"order_id": 386, "customer_id": 257, "product_id": 97, "order_date": "2025-05-19", "quantity": 1, "total_price": 600, "payment_method": "Credit Card"},
    {"order_id": 387, "customer_id": 258, "product_id": 98, "order_date": "2025-05-19", "quantity": 1, "total_price": 1600, "payment_method": "Debit Card"},
    {"order_id": 388, "customer_id": 259, "product_id": 99, "order_date": "2025-05-19", "quantity": 2, "total_price": 2000, "payment_method": "UPI"},
    {"order_id": 389, "customer_id": 260, "product_id": 100, "order_date": "2025-05-20", "quantity": 1, "total_price": 700, "payment_method": "Cash on Delivery"},
    {"order_id": 390, "customer_id": 261, "product_id": 101, "order_date": "2025-05-20", "quantity": 1, "total_price": 2400, "payment_method": "Credit Card"},
    {"order_id": 391, "customer_id": 262, "product_id": 102, "order_date": "2025-05-20", "quantity": 2, "total_price": 400, "payment_method": "Debit Card"},
    {"order_id": 392, "customer_id": 263, "product_id": 103, "order_date": "2025-05-20", "quantity": 1, "total_price": 900, "payment_method": "UPI"},
    {"order_id": 393, "customer_id": 264, "product_id": 104, "order_date": "2025-05-20", "quantity": 1, "total_price": 600, "payment_method": null},
    {"order_id": 394, "customer_id": 265, "product_id": 105, "order_date": "2025-05-20", "quantity": 2, "total_price": 3000, "payment_method": "Credit Card"},
    {"order_id": 395, "customer_id": 266, "product_id": 106, "order_date": "2025-05-20", "quantity": 1, "total_price": 1800, "payment_method": "Debit Card"},
    {"order_id": 396, "customer_id": 267, "product_id": 107, "order_date": "2025-05-20", "quantity": 1, "total_price": 1000, "payment_method": "UPI"},
    {"order_id": 397, "customer_id": 268, "product_id": 108, "order_date": "2025-05-20", "quantity": 2, "total_price": 5000, "payment_method": "Cash on Delivery"},
    {"order_id": 398, "customer_id": 269, "product_id": 109, "order_date": "2025-05-20", "quantity": 1, "total_price": 650, "payment_method": "Credit Card"},
    {"order_id": 399, "customer_id": 270, "product_id": 110, "order_date": "2025-05-21", "quantity": 1, "total_price": 400, "payment_method": "Debit Card"},
    {"order_id": 400, "customer_id": 271, "product_id": 111, "order_date": "2025-05-21", "quantity": 2, "total_price": 1000, "payment_method": "UPI"},
    {"order_id": 401, "customer_id": 272, "product_id": 112, "order_date": "2025-05-21", "quantity": 1, "total_price": 2000, "payment_method": null},
    {"order_id": 402, "customer_id": 273, "product_id": 113, "order_date": "2025-05-21", "quantity": 1, "total_price": 300, "payment_method": "Credit Card"},
    {"order_id": 403, "customer_id": 274, "product_id": 114, "order_date": "2025-05-21", "quantity": 2, "total_price": 800, "payment_method": "Debit Card"},
    {"order_id": 404, "customer_id": 275, "product_id": 115, "order_date": "2025-05-21", "quantity": 1, "total_price": 600, "payment_method": "UPI"},
    {"order_id": 405, "customer_id": 276, "product_id": 116, "order_date": "2025-05-21", "quantity": 1, "total_price": 800, "payment_method": "Cash on Delivery"},
    {"order_id": 406, "customer_id": 277, "product_id": 117, "order_date": "2025-05-21", "quantity": 2, "total_price": 2000, "payment_method": "Credit Card"},
    {"order_id": 407, "customer_id": 278, "product_id": 118, "order_date": "2025-05-21", "quantity": 1, "total_price": 300, "payment_method": "Debit Card"},
    {"order_id": 408, "customer_id": 279, "product_id": 119, "order_date": "2025-05-21", "quantity": 1, "total_price": 2100, "payment_method": "UPI"},
    {"order_id": 409, "customer_id": 280, "product_id": 120, "order_date": "2025-05-22", "quantity": 2, "total_price": 1800, "payment_method": null},
    {"order_id": 410, "customer_id": 281, "product_id": 121, "order_date": "2025-05-22", "quantity": 1, "total_price": 1800, "payment_method": "Credit Card"},
    {"order_id": 411, "customer_id": 282, "product_id": 122, "order_date": "2025-05-22", "quantity": 1, "total_price": 500, "payment_method": "Debit Card"},
    {"order_id": 412, "customer_id": 283, "product_id": 123, "order_date": "2025-05-22", "quantity": 2, "total_price": 2400, "payment_method": "UPI"},
    {"order_id": 413, "customer_id": 284, "product_id": 124, "order_date": "2025-05-22", "quantity": 1, "total_price": 800, "payment_method": "Cash on Delivery"},
    {"order_id": 414, "customer_id": 285, "product_id": 125, "order_date": "2025-05-22", "quantity": 1, "total_price": 1000, "payment_method": "Credit Card"},
    {"order_id": 415, "customer_id": 286, "product_id": 126, "order_date": "2025-05-22", "quantity": 2, "total_price": 2400, "payment_method": "Debit Card"},
    {"order_id": 416, "customer_id": 287, "product_id": 127, "order_date": "2025-05-22", "quantity": 1, "total_price": 1500, "payment_method": "UPI"},
    {"order_id": 417, "customer_id": 288, "product_id": 128, "order_date": "2025-05-22", "quantity": 1, "total_price": 2000, "payment_method": null},
    {"order_id": 418, "customer_id": 289, "product_id": 129, "order_date": "2025-05-22", "quantity": 2, "total_price": 1700, "payment_method": "Credit Card"},
    {"order_id": 419, "customer_id": 290, "product_id": 130, "order_date": "2025-05-23", "quantity": 1, "total_price": 600, "payment_method": "Debit Card"},
    {"order_id": 420, "customer_id": 291, "product_id": 131, "order_date": "2025-05-23", "quantity": 1, "total_price": 5000, "payment_method": "UPI"},
    {"order_id": 421, "customer_id": 292, "product_id": 132, "order_date": "2025-05-23", "quantity": 2, "total_price": 6000, "payment_method": "Cash on Delivery"},
    {"order_id": 422, "customer_id": 293, "product_id": 133, "order_date": "2025-05-23", "quantity": 1, "total_price": 200, "payment_method": "Credit Card"},
    {"order_id": 423, "customer_id": 294, "product_id": 134, "order_date": "2025-05-23", "quantity": 1, "total_price": 2200, "payment_method": "Debit Card"},
    {"order_id": 424, "customer_id": 295, "product_id": 135, "order_date": "2025-05-23", "quantity": 2, "total_price": 1400, "payment_method": "UPI"},
    {"order_id": 425, "customer_id": 296, "product_id": 136, "order_date": "2025-05-23", "quantity": 1, "total_price": 1500, "payment_method": null},
    {"order_id": 426, "customer_id": 297, "product_id": 137, "order_date": "2025-05-23", "quantity": 1, "total_price": 1200, "payment_method": "Credit Card"},
    {"order_id": 427, "customer_id": 298, "product_id": 138, "order_date": "2025-05-23", "quantity": 2, "total_price": 1600, "payment_method": "Debit Card"},
    {"order_id": 428, "customer_id": 299, "product_id": 139, "order_date": "2025-05-23", "quantity": 1, "total_price": 300, "payment_method": "UPI"},
    {"order_id": 429, "customer_id": 300, "product_id": 140, "order_date": "2025-05-24", "quantity": 1, "total_price": 500, "payment_method": "Cash on Delivery"},
    {"order_id": 430, "customer_id": 301, "product_id": 141, "order_date": "2025-05-24", "quantity": 2, "total_price": 3000, "payment_method": "Credit Card"},
    {"order_id": 431, "customer_id": 302, "product_id": 142, "order_date": "2025-05-24", "quantity": 1, "total_price": 400, "payment_method": "Debit Card"},
    {"order_id": 432, "customer_id": 303, "product_id": 143, "order_date": "2025-05-24", "quantity": 1, "total_price": 300, "payment_method": "UPI"},
    {"order_id": 433, "customer_id": 304, "product_id": 144, "order_date": "2025-05-24", "quantity": 2, "total_price": 4000, "payment_method": null},
    {"order_id": 434, "customer_id": 305, "product_id": 145, "order_date": "2025-05-24", "quantity": 1, "total_price": 1200, "payment_method": "Credit Card"},
    {"order_id": 435, "customer_id": 306, "product_id": 146, "order_date": "2025-05-24", "quantity": 1, "total_price": 800, "payment_method": "Debit Card"},
    {"order_id": 436, "customer_id": 307, "product_id": 147, "order_date": "2025-05-24", "quantity": 2, "total_price": 2000, "payment_method": "UPI"},
    {"order_id": 437, "customer_id": 308, "product_id": 148, "order_date": "2025-05-24", "quantity": 1, "total_price": 2200, "payment_method": "Cash on Delivery"},
    {"order_id": 438, "customer_id": 309, "product_id": 149, "order_date": "2025-05-24", "quantity": 1, "total_price": 3000, "payment_method": "Credit Card"},
    {"order_id": 439, "customer_id": 310, "product_id": 150, "order_date": "2025-05-25", "quantity": 2, "total_price": 1800, "payment_method": "Debit Card"},
    {"order_id": 440, "customer_id": 311, "product_id": 151, "order_date": "2025-05-25", "quantity": 1, "total_price": 600, "payment_method": "UPI"},
    {"order_id": 441, "customer_id": 312, "product_id": 152, "order_date": "2025-05-25", "quantity": 1, "total_price": 1700, "payment_method": null},
    {"order_id": 442, "customer_id": 313, "product_id": 153, "order_date": "2025-05-25", "quantity": 2, "total_price": 2200, "payment_method": "Credit Card"},
    {"order_id": 443, "customer_id": 314, "product_id": 154, "order_date": "2025-05-25", "quantity": 1, "total_price": 650, "payment_method": "Debit Card"},
    {"order_id": 444, "customer_id": 315, "product_id": 155, "order_date": "2025-05-25", "quantity": 1, "total_price": 850, "payment_method": "UPI"},
    {"order_id": 445, "customer_id": 316, "product_id": 156, "order_date": "2025-05-25", "quantity": 2, "total_price": 1800, "payment_method": "Cash on Delivery"},
    {"order_id": 446, "customer_id": 317, "product_id": 157, "order_date": "2025-05-25", "quantity": 1, "total_price": null, "payment_method": "Credit Card"},
    {"order_id": 447, "customer_id": 318, "product_id": 158, "order_date": "2025-05-25", "quantity": 1, "total_price": 350, "payment_method": "Debit Card"},
    {"order_id": 448, "customer_id": 319, "product_id": 159, "order_date": "2025-05-25", "quantity": 1, "total_price": 2600, "payment_method": "UPI"},
    {"order_id": 449, "customer_id": 320, "product_id": 160, "order_date": "2025-05-26", "quantity": 2, "total_price": 6200, "payment_method": null},
    {"order_id": 450, "customer_id": 321, "product_id": 161, "order_date": "2025-05-26", "quantity": 1, "total_price": 1900, "payment_method": "Credit Card"},
    {"order_id": 451, "customer_id": 322, "product_id": 162, "order_date": "2025-05-26", "quantity": 1, "total_price": 550, "payment_method": "Debit Card"},
    {"order_id": 452, "customer_id": 323, "product_id": 163, "order_date": "2025-05-26", "quantity": 1, "total_price": 2500, "payment_method": "UPI"},
    {"order_id": 453, "customer_id": 324, "product_id": 164, "order_date": "2025-05-26", "quantity": 2, "total_price": 1100, "payment_method": "Cash on Delivery"},
    {"order_id": 454, "customer_id": 325, "product_id": 165, "order_date": "2025-05-26", "quantity": 1, "total_price": 2100, "payment_method": "Credit Card"},
    {"order_id": 455, "customer_id": 326, "product_id": 166, "order_date": "2025-05-26", "quantity": 1, "total_price": 450, "payment_method": "Debit Card"},
    {"order_id": 456, "customer_id": 327, "product_id": 167, "order_date": "2025-05-26", "quantity": 2, "total_price": 900, "payment_method": "UPI"},
    {"order_id": 457, "customer_id": 328, "product_id": 168, "order_date": "2025-05-26", "quantity": 1, "total_price": 2600, "payment_method": null},
    {"order_id": 458, "customer_id": 329, "product_id": 169, "order_date": "2025-05-26", "quantity": 1, "total_price": 700, "payment_method": "Credit Card"},
    {"order_id": 459, "customer_id": 330, "product_id": 170, "order_date": "2025-05-27", "quantity": 2, "total_price": 2200, "payment_method": "Debit Card"},
    {"order_id": 460, "customer_id": 331, "product_id": 171, "order_date": "2025-05-27", "quantity": 1, "total_price": 950, "payment_method": "UPI"},
    {"order_id": 461, "customer_id": 332, "product_id": 172, "order_date": "2025-05-27", "quantity": 1, "total_price": 1100, "payment_method": "Cash on Delivery"},
    {"order_id": 462, "customer_id": 20, "product_id": 173, "order_date": "2025-05-27", "quantity": 3, "total_price": 750, "payment_method": "Credit Card"},
    {"order_id": 463, "customer_id": 5, "product_id": 174, "order_date": "2025-05-27", "quantity": 1, "total_price": 2300, "payment_method": "Debit Card"},
    {"order_id": 464, "customer_id": 231, "product_id": 175, "order_date": "2025-05-27", "quantity": 1, "total_price": 1600, "payment_method": "UPI"},
    {"order_id": 465, "customer_id": 232, "product_id": 176, "order_date": "2025-05-27", "quantity": 2, "total_price": 2600, "payment_method": null},
    {"order_id": 466, "customer_id": 233, "product_id": 177, "order_date": "2025-05-27", "quantity": 1, "total_price": 850, "payment_method": "Credit Card"},
    {"order_id": 467, "customer_id": 234, "product_id": 178, "order_date": "2025-05-27", "quantity": 1, "total_price": 2100, "payment_method": "Debit Card"},
    {"order_id": 468, "customer_id": 235, "product_id": 179, "order_date": "2025-05-27", "quantity": 2, "total_price": 1700, "payment_method": "UPI"},
    {"order_id": 469, "customer_id": 236, "product_id": 180, "order_date": "2025-05-28", "quantity": 1, "total_price": 1600, "payment_method": "Cash on Delivery"},
    {"order_id": 470, "customer_id": 237, "product_id": 181, "order_date": "2025-05-28", "quantity": 1, "total_price": 1100, "payment_method": "Credit Card"},
    {"order_id": 471, "customer_id": 238, "product_id": 182, "order_date": "2025-05-28", "quantity": 2, "total_price": null, "payment_method": null}