    {"order_id": 51, "customer_id": 20, "product_id": 2, "order_date": "2025-05-11", "quantity": 3, "total_price": 2250},
    {"order_id": 52, "customer_id": 5, "product_id": 5, "order_date": "2025-05-11", "quantity": 1, "total_price": 32000},
    {"order_id": 53, "customer_id": 31, "product_id": 21, "order_date": "2025-05-11", "quantity": 1, "total_price": 2500},
    {"order_id": 54, "customer_id": 12, "product_id": 8, "order_date": "2025-05-11", "quantity": 1, "total_price": 4500},
    {"order_id": 55, "customer_id": 33, "product_id": 22, "order_date": "2025-05-11", "quantity": 2, "total_price": 5600},
    {"order_id": 56, "customer_id": 7, "product_id": 3, "order_date": "2025-05-11", "quantity": 1, "total_price": 2000},
    {"order_id": 57, "customer_id": 35, "product_id": 24, "order_date": "2025-05-11", "quantity": 1, "total_price": 2000},
    {"order_id": 58, "customer_id": 20, "product_id": 26, "order_date": "2025-05-11", "quantity": 2, "total_price": 2000},
    {"order_id": 59, "customer_id": 15, "product_id": 2, "order_date": "2025-05-11", "quantity": 2, "total_price": 1500},
    {"order_id": 60, "customer_id": 37, "product_id": 27, "order_date": "2025-05-11", "quantity": 3, "total_price": 1800},
    {"order_id": 61, "customer_id": 25, "product_id": 5, "order_date": "2025-05-11", "quantity": 1, "total_price": 32000},
    {"order_id": 62, "customer_id": 1, "product_id": 9, "order_date": "2025-05-11", "quantity": 1, "total_price": 3000},
    {"order_id": 63, "customer_id": 38, "product_id": 23, "order_date": "2025-05-11", "quantity": 1, "total_price": 8000},
    {"order_id": 64, "customer_id": 12, "product_id": 4, "order_date": "2025-05-11", "quantity": 1, "total_price": 1500},
    {"order_id": 65, "customer_id": 40, "product_id": 25, "order_date": "2025-05-11", "quantity": 2, "total_price": 3600},
    {"order_id": 66, "customer_id": 20, "product_id": 8, "order_date": "2025-05-11", "quantity": 1, "total_price": 4500},
    {"order_id": 67, "customer_id": 5, "product_id": 21, "order_date": "2025-05-11", "quantity": 1, "total_price": 2500},
    {"order_id": 68, "customer_id": 34, "product_id": 2, "order_date": "2025-05-11", "quantity": 3, "total_price": 2250},
    {"order_id": 69, "customer_id": 42, "product_id": 10, "order_date": "2025-05-11", "quantity": 2, "total_price": 4000},
    {"order_id": 70, "customer_id": 7, "product_id": 22, "order_date": "2025-05-11", "quantity": 1, "total_price": 2800},
    {"order_id": 71, "customer_id": 31, "product_id": 6, "order_date": "2025-05-11", "quantity": 1, "total_price": 15000},
    {"order_id": 72, "customer_id": 25, "product_id": 27, "order_date": "2025-05-11", "quantity": 2, "total_price": 1200},
    {"order_id": 73, "customer_id": 39, "product_id": 5, "order_date": "2025-05-11", "quantity": 1, "total_price": 32000},
    {"order_id": 74, "customer_id": 15, "product_id": 24, "order_date": "2025-05-11", "quantity": 1, "total_price": 2000},
    {"order_id": 75, "customer_id": 20, "product_id": 19, "order_date": "2025-05-11", "quantity": 3, "total_price": 1500},
    {"order_id": 76, "customer_id": 36, "product_id": 2, "order_date": "2025-05-11", "quantity": 2, "total_price": 1500},
    {"order_id": 77, "customer_id": 5, "product_id": 26, "order_date": "2025-05-11", "quantity": 2, "total_price": 2000},
    {"order_id": 78, "customer_id": 43, "product_id": 8, "order_date": "2025-05-11", "quantity": 1, "total_price": 4500},
    {"order_id": 79, "customer_id": 12, "product_id": 21, "order_date": "2025-05-11", "quantity": 1, "total_price": 2500},
    {"order_id": 80, "customer_id": 44, "product_id": 25, "order_date": "2025-05-11", "quantity": 1, "total_price": 1800}