    {"order_id": 167, "customer_id": 20, "product_id": 2, "order_date": "2025-05-15", "quantity": 3, "total_price": 1800},
    {"order_id": 168, "customer_id": 5, "product_id": 52, "order_date": "2025-05-15", "quantity": 1, "total_price": 2500},
    {"order_id": 169, "customer_id": 93, "product_id": 53, "order_date": "2025-05-15", "quantity": 2, "total_price": 3000},
    {"order_id": 170, "customer_id": 94, "product_id": 54, "order_date": "2025-05-15", "quantity": 1, "total_price": 1800},
    {"order_id": 171, "customer_id": 95, "product_id": 55, "order_date": "2025-05-15", "quantity": 1, "total_price": 1600},
    {"order_id": 172, "customer_id": 96, "product_id": 56, "order_date": "2025-05-15", "quantity": 2, "total_price": 1800},
    {"order_id": 173, "customer_id": 97, "product_id": 58, "order_date": "2025-05-15", "quantity": 3, "total_price": 1800},
    {"order_id": 174, "customer_id": 98, "product_id": 59, "order_date": "2025-05-15", "quantity": 2, "total_price": 800},
    {"order_id": 175, "customer_id": 99, "product_id": 60, "order_date": "2025-05-15", "quantity": 1, "total_price": 2200},
    {"order_id": 176, "customer_id": 100, "product_id": 52, "order_date": "2025-05-15", "quantity": 1, "total_price": 2500},
    {"order_id": 167, "customer_id": 20, "product_id": 2, "order_date": "2025-05-15", "quantity": 3, "total_price": 1800}, // True duplicate (same order_id)
    {"order_id": null, "customer_id": 101, "product_id": 53, "order_date": "2025-05-15", "quantity": 2, "total_price": 3000}, // Null order_id
    {"order_id": 177, "customer_id": 102, "product_id": 55, "order_date": "2025-05-15", "quantity": 1, "total_price": 1600},
    {"order_id": 178, "customer_id": 103, "product_id": 58, "order_date": "2025-05-15", "quantity": 2, "total_price": 1200},
    {"order_id": 179, "customer_id": 104, "product_id": 59, "order_date": "2025-05-15", "quantity": 3, "total_price": 1200},
    {"order_id": 180, "customer_id": 20, "product_id": 52, "order_date": "2025-05-15", "quantity": 1, "total_price": 2500},
    {"order_id": 181, "customer_id": 5, "product_id": 53, "order_date": "2025-05-15", "quantity": 2, "total_price": 3000},
    {"order_id": 182, "customer_id": 93, "product_id": 2, "order_date": "2025-05-15", "quantity": 3, "total_price": 1800},
    {"order_id": null, "customer_id": 105, "product_id": 55, "order_date": "2025-05-15", "quantity": 1, "total_price": 1600}, // Null order_id
    {"order_id": 183, "customer_id": 106, "product_id": 58, "order_date": "2025-05-15", "quantity": 2, "total_price": null}, // Null total_price
    {"order_id": 184, "customer_id": 107, "product_id": 59, "order_date": "2025-05-15", "quantity": 2, "total_price": 800},
    {"order_id": 185, "customer_id": 108, "product_id": 60, "order_date": "2025-05-15", "quantity": 1, "total_price": 2200},
    {"order_id": 186, "customer_id": 20, "product_id": 52, "order_date": "2025-05-15", "quantity": 1, "total_price": 2500}, // Duplicate row (different order_id, same other columns)
    {"order_id": 187, "customer_id": 5, "product_id": 2, "order_date": "2025-05-15", "quantity": 3, "total_price": 1800},
    {"order_id": 188, "customer_id": 110, "product_id": 53, "order_date": "2025-05-15", "quantity": 2, "total_price": 3000},
    {"order_id": 189, "customer_id": 111, "product_id": 55, "order_date": "2025-05-15", "quantity": 1, "total_price": 1600},
    {"order_id": 190, "customer_id": 112, "product_id": 58, "order_date": "2025-05-15", "quantity": 2, "total_price": 1200},
    {"order_id": 190, "customer_id": 112, "product_id": 58, "order_date": "2025-05-15", "quantity": 2, "total_price": 1200}, // True duplicate (same order_id)
    {"order_id": null, "customer_id": 20, "product_id": 59, "order_date": "2025-05-15", "quantity": 2, "total_price": 800}, // Null order_id
    {"order_id": 191, "customer_id": 93, "product_id": 60, "order_date": "2025-05-15", "quantity": 1, "total_price": 2200}
