{"customer_id": 1, "name": "Amit Sharma", "email": "amit.sharma@gmail.com", "phone": "9876543210", "city": "Delhi", "timestamp": "2025-04-01 10:15:00"},
    {"customer_id": 2, "name": "Priya Singh", "email": "priya.singh@yahoo.com", "phone": "8765432109", "city": "Mumbai", "timestamp": "2025-04-02 14:30:00"},
    {"customer_id": 3, "name": "Rahul Verma", "email": "rahul.verma@outlook.com", "phone": "7654321098", "city": "Bangalore", "timestamp": "2025-04-03 09:45:00"},
    {"customer_id": 4, "name": "Sneha Gupta", "email": "sneha.gupta@gmail.com", "phone": "6543210987", "city": "Kolkata", "timestamp": "2025-04-04 16:20:00"},
    {"customer_id": 5, "name": "Vikram Raj", "email": "vikram.raj@live.com", "phone": "5432109876", "city": "Chennai", "timestamp": "2025-04-05 11:10:00"},
    {"customer_id": 6, "name": "Anjali Mehra", "email": "anjali.mehra@gmail.com", "phone": "9123456789", "city": "Pune", "timestamp": "2025-04-06 12:00:00"},
    {"customer_id": 7, "name": "Karan Patel", "email": "karan.patel@yahoo.com", "phone": "9012345678", "city": "Ahmedabad", "timestamp": "2025-04-07 15:30:00"},
    {"customer_id": 8, "name": "Neha Jain", "email": "neha.jain@outlook.com", "phone": "8901234567", "city": "Jaipur", "timestamp": "2025-04-08 08:45:00"},
    {"customer_id": 9, "name": "Rohit Kumar", "email": "rohit.kumar@gmail.com", "phone": "8790123456", "city": "Lucknow", "timestamp": "2025-04-09 17:20:00"},
    {"customer_id": 10, "name": "Pooja Desai", "email": "pooja.desai@live.com", "phone": "8689012345", "city": "Surat", "timestamp": "2025-04-10 10:50:00"},
    {"customer_id": 11, "name": "Sanjay Yadav", "email": "sanjay.yadav@yahoo.com", "phone": "8578901234", "city": "Kanpur", "timestamp": "2025-04-11 13:25:00"},
    {"customer_id": 12, "name": "Meena Rao", "email": "meena.rao@gmail.com", "phone": "8467890123", "city": "Nagpur", "timestamp": "2025-04-12 09:10:00"},
    {"customer_id": 13, "name": "Arjun Reddy", "email": "arjun.reddy@outlook.com", "phone": "8356789012", "city": "Hyderabad", "timestamp": "2025-04-13 14:40:00"},
    {"customer_id": 14, "name": "Divya Sharma", "email": "divya.sharma@gmail.com", "phone": "8245678901", "city": "Chandigarh", "timestamp": "2025-04-14 11:30:00"},
    {"customer_id": 15, "name": "Vivek Singh", "email": "vivek.singh@live.com", "phone": "8134567890", "city": "Bhopal", "timestamp": "2025-04-15 16:15:00"},
    {"customer_id": 16, "name": "Shalini Nair", "email": "shalini.nair@yahoo.com", "phone": "8023456789", "city": "Kochi", "timestamp": "2025-04-16 10:00:00"},
    {"customer_id": 17, "name": "Manish Gupta", "email": "manish.gupta@gmail.com", "phone": "7912345678", "city": "Indore", "timestamp": "2025-04-17 12:45:00"},
    {"customer_id": 18, "name": "Kavita Patel", "email": "kavita.patel@outlook.com", "phone": "7801234567", "city": "Vadodara", "timestamp": "2025-04-18 15:50:00"},
    {"customer_id": 19, "name": "Rakesh Kumar", "email": "rakesh.kumar@live.com", "phone": "7690123456", "city": "Patna", "timestamp": "2025-04-19 09:20:00"},
    {"customer_id": 20, "name": "Swati Verma", "email": "swati.verma@gmail.com", "phone": "7589012345", "city": "Guwahati", "timestamp": "2025-04-20 14:10:00"},
    {"customer_id": 21, "name": "Nikhil Shah", "email": "nikhil.shah@yahoo.com", "phone": "7478901234", "city": "Thane", "timestamp": "2025-04-21 11:55:00"},
    {"customer_id": 22, "name": "Tanya Singh", "email": "tanya.singh@outlook.com", "phone": "7367890123", "city": "Noida", "timestamp": "2025-04-22 16:30:00"},
    {"customer_id": 23, "name": "Aditya Roy", "email": "aditya.roy@gmail.com", "phone": "7256789012", "city": "Gurgaon", "timestamp": "2025-04-23 10:25:00"},
    {"customer_id": 24, "name": "Preeti Jain", "email": "preeti.jain@live.com", "phone": "7145678901", "city": "Dehradun", "timestamp": "2025-04-24 13:15:00"},
    {"customer_id": 25, "name": "Suresh Menon", "email": "suresh.menon@yahoo.com", "phone": "7034567890", "city": "Coimbatore", "timestamp": "2025-04-25 09:40:00"},
    {"customer_id": 26, "name": "Rekha Sharma", "email": "rekha.sharma@gmail.com", "phone": "6923456789", "city": "Mysore", "timestamp": "2025-04-26 15:20:00"},
    {"customer_id": 27, "name": "Akash Patel", "email": "akash.patel@outlook.com", "phone": "6812345678", "city": "Bhubaneswar", "timestamp": "2025-04-27 11:10:00"},
    {"customer_id": 28, "name": "Deepa Nair", "email": "deepa.nair@live.com", "phone": "6701234567", "city": "Trivandrum", "timestamp": "2025-04-28 14:50:00"},
    {"customer_id": 29, "name": "Vinod Kumar", "email": "vinod.kumar@gmail.com", "phone": "6590123456", "city": "Ranchi", "timestamp": "2025-04-29 10:30:00"},
    {"customer_id": 30, "name": "Shweta Gupta", "email": "shweta.gupta@yahoo.com", "phone": "6489012345", "city": "Visakhapatnam", "timestamp": "2025-04-30 12:00:00"}