    {"customer_id": 20, "name": "Swati Verma", "email": "swati.verma@gmail.com", "phone": "7589019999", "city": "Guwahati", "timestamp": "2025-05-11 09:30:00"},
    {"customer_id": 5, "name": "Vikram Raj", "email": "vikram.raj@live.com", "phone": "5432109876", "city": "Hyderabad", "timestamp": "2025-05-11 10:15:00"},
    {"customer_id": 12, "name": "Meena Rao", "email": "meena.rao.new@gmail.com", "phone": "8467890123", "city": "Nagpur", "timestamp": "2025-05-11 11:00:00"},
    {"customer_id": 7, "name": "Karan Patel", "email": "karan.patel@yahoo.com", "phone": "9012345678", "city": "Surat", "timestamp": "2025-05-11 11:45:00"},
    {"customer_id": 15, "name": "Vivek Singh", "email": "vivek.singh.new@live.com", "phone": "8134567890", "city": "Bhopal", "timestamp": "2025-05-11 12:30:00"},
    {"customer_id": 25, "name": "Suresh Menon", "email": "suresh.menon@yahoo.com", "phone": "7034560000", "city": "Coimbatore", "timestamp": "2025-05-11 13:15:00"},
    {"customer_id": 31, "name": "Ravi Malhotra", "email": "ravi.malhotra@gmail.com", "phone": "6378901234", "city": "Faridabad", "timestamp": "2025-05-11 14:00:00"},
    {"customer_id": 32, "name": "Sonia Kapoor", "email": "sonia.kapoor@yahoo.com", "phone": "6267890123", "city": "Amritsar", "timestamp": "2025-05-11 14:45:00"},
    {"customer_id": 33, "name": "Aman Gupta", "email": "aman.gupta@outlook.com", "phone": "6156789012", "city": "Ludhiana", "timestamp": "2025-05-11 15:30:00"},
    {"customer_id": 34, "name": "Lata Sharma", "email": "lata.sharma@live.com", "phone": "6045678901", "city": "Agra", "timestamp": "2025-05-11 16:15:00"},
    {"customer_id": 35, "name": "Vijay Singh", "email": "vijay.singh@gmail.com", "phone": "5934567890", "city": "Varanasi", "timestamp": "2025-05-11 17:00:00"},
    {"customer_id": 36, "name": "Nisha Patel", "email": "nisha.patel@yahoo.com", "phone": "5823456789", "city": "Jodhpur", "timestamp": "2025-05-11 17:45:00"},
    {"customer_id": 37, "name": "Rohan Desai", "email": "rohan.desai@outlook.com", "phone": "5712345678", "city": "Raipur", "timestamp": "2025-05-11 18:30:00"},
    {"customer_id": 38, "name": "Anita Mehra", "email": "anita.mehra@gmail.com", "phone": "5601234567", "city": "Ghaziabad", "timestamp": "2025-05-11 19:15:00"},
    {"customer_id": 39, "name": "Siddharth Roy", "email": "siddharth.roy@live.com", "phone": "5490123456", "city": "Madurai", "timestamp": "2025-05-11 20:00:00"},
    {"customer_id": 40, "name": "Priti Sharma", "email": "priti.sharma@yahoo.com", "phone": "5389012345", "city": "Jabalpur", "timestamp": "2025-05-11 20:45:00"},
    {"customer_id": 41, "name": "Kunal Jain", "email": "kunal.jain@outlook.com", "phone": "5278901234", "city": "Aurangabad", "timestamp": "2025-05-11 21:30:00"},
    {"customer_id": 42, "name": "Meera Nair", "email": "meera.nair@gmail.com", "phone": "5167890123", "city": "Allahabad", "timestamp": "2025-05-11 22:15:00"},
    {"customer_id": 43, "name": "Ravi Patel", "email": "ravi.patel@live.com", "phone": "5056789012", "city": "Jamshedpur", "timestamp": "2025-05-11 23:00:00"},
    {"customer_id": 44, "name": "Shilpa Gupta", "email": "shilpa.gupta@yahoo.com", "phone": "4945678901", "city": "Gwalior", "timestamp": "2025-05-11 23:45:00"}