    {"customer_id": 45, "name": "Deepak Sharma", "email": "deepak.sharma@gmail.com", "phone": "4834567890", "city": "Udaipur", "timestamp": "2025-05-12 09:00:00"},
    {"customer_id": 46, "name": "Ankita Singh", "email": "ankita.singh@yahoo.com", "phone": "4723456789", "city": "Kota", "timestamp": "2025-05-12 09:30:00"},
    {"customer_id": 47, "name": "Vishal Gupta", "email": "vishal.gupta@outlook.com", "phone": "4612345678", "city": "Meerut", "timestamp": "2025-05-12 10:00:00"},
    {"customer_id": 48, "name": "Shreya Patel", "email": "shreya.patel@live.com", "phone": "4501234567", "city": "Rajkot", "timestamp": "2025-05-12 10:30:00"},
    {"customer_id": 49, "name": "Ramesh Kumar", "email": "ramesh.kumar@gmail.com", "phone": "4390123456", "city": "Siliguri", "timestamp": "2025-05-12 11:00:00"},
    {"customer_id": 50, "name": "Komal Jain", "email": "komal.jain@yahoo.com", "phone": "4289012345", "city": "Nashik", "timestamp": "2025-05-12 11:30:00"},
    {"customer_id": 51, "name": "Arvind Nair", "email": "arvind.nair@outlook.com", "phone": "4178901234", "city": "Mangalore", "timestamp": "2025-05-12 12:00:00"},
    {"customer_id": 52, "name": "Poonam Sharma", "email": "poonam.sharma@gmail.com", "phone": "4067890123", "city": "Vijayawada", "timestamp": "2025-05-12 12:30:00"},
    {"customer_id": 53, "name": "Sameer Roy", "email": "sameer.roy@live.com", "phone": "3956789012", "city": "Asansol", "timestamp": "2025-05-12 13:00:00"},
    {"customer_id": 54, "name": "Neelam Gupta", "email": "neelam.gupta@yahoo.com", "phone": "3845678901", "city": "Durgapur", "timestamp": "2025-05-12 13:30:00"},
    {"customer_id": 55, "name": "Sachin Patel", "email": "deepak.sharma@gmail.com", "phone": "3734567890", "city": "Jalandhar", "timestamp": "2025-05-12 14:00:00"}, // Duplicate email with customer_id 45
    {"customer_id": 56, "name": "Ritu Sharma", "email": "ritu.sharma@gmail.com", "phone": null, "city": "Patiala", "timestamp": "2025-05-12 14:30:00"}, // Null phone
    {"customer_id": 57, "name": "Mohan Singh", "email": "mohan.singh@live.com", "phone": "3512345678", "city": null, "timestamp": "2025-05-12 15:00:00"}, // Null city
    {"customer_id": 58, "name": "Kavya Desai", "email": "kavya.desai@yahoo.com", "phone": "3401234567", "city": "Salem", "timestamp": "2025-05-12 15:30:00"},
    {"customer_id": 59, "name": "Nitin Kumar", "email": "nitin.kumar@outlook.com", "phone": "3290123456", "city": "Ajmer", "timestamp": "2025-05-12 16:00:00"},
    {"customer_id": 60, "name": "Priya Nair", "email": "priya.nair@gmail.com", "phone": "3189012345", "city": "Kolhapur", "timestamp": "2025-05-12 16:30:00"},
    {"customer_id": 61, "name": "Akhil Shah", "email": "akhil.shah@yahoo.com", "phone": "3078901234", "city": "Jamnagar", "timestamp": "2025-05-12 17:00:00"},
    {"customer_id": 62, "name": "Seema Patel", "email": "seema.patel@live.com", "phone": "2967890123", "city": "Bhavnagar", "timestamp": "2025-05-12 17:30:00"},
    {"customer_id": 63, "name": "Rahul Jain", "email": "rahul.jain@outlook.com", "phone": "2856789012", "city": "Thiruvananthapuram", "timestamp": "2025-05-12 18:00:00"},
    {"customer_id": 64, "name": "Anu Sharma", "email": "anu.sharma@gmail.com", "phone": "2745678901", "city": "Warangal", "timestamp": "2025-05-12 18:30:00"}