    {"customer_id": 93, "name": "Ravi Kumar", "email": "ravi.kumar@gmail.com", "phone": "9654321098", "city": "Mysore", "timestamp": "2025-05-15 09:00:00"},
    {"customer_id": 94, "name": "Shalini Gupta", "email": "shalini.gupta@yahoo.com", "phone": "9543210987", "city": "Bhopal", "timestamp": "2025-05-15 09:30:00"},
    {"customer_id": 95, "name": "Amit Patel", "email": null, "phone": "9432109876", "city": "Indore", "timestamp": "2025-05-15 10:00:00"}, // Null email
    {"customer_id": 96, "name": "Priya Sharma", "email": "priya.sharma@outlook.com", "phone": null, "city": "Nagpur", "timestamp": "2025-05-15 10:30:00"}, // Null phone
    {"customer_id": 97, "name": "Vivek Singh", "email": "ravi.kumar@gmail.com", "phone": "9321098765", "city": null, "timestamp": "2025-05-15 11:00:00"}, // Duplicate email, null city
    {"customer_id": 98, "name": "Neha Jain", "email": "neha.jain@live.com", "phone": "9210987654", "city": "Surat", "timestamp": "2025-05-15 11:30:00"},
    {"customer_id": 99, "name": "Sanjay Desai", "email": "ravi.kumar@gmail.com", "phone": "9109876543", "city": "Vadodara", "timestamp": "2025-05-15 12:00:00"}, // Duplicate email
    {"customer_id": 100, "name": "Kavya Roy", "email": null, "phone": "9098765432", "city": "Kolkata", "timestamp": "2025-05-15 12:30:00"}, // Null email
    {"customer_id": 101, "name": "Rohit Nair", "email": "rohit.nair@yahoo.com", "phone": "8987654321", "city": "Chennai", "timestamp": "2025-05-15 13:00:00"},
    {"customer_id": 102, "name": "Anjali Patel", "email": "anjali.patel@outlook.com", "phone": "8876543210", "city": "Pune", "timestamp": "2025-05-15 13:30:00"},
    {"customer_id": 103, "name": "Manish Kumar", "email": "manish.kumar@gmail.com", "phone": "8765432109", "city": "Delhi", "timestamp": "2025-05-15 14:00:00"},
    {"customer_id": 104, "name": "Pooja Singh", "email": "pooja.singh@live.com", "phone": "8654321098", "city": "Hyderabad", "timestamp": "2025-05-15 14:30:00"},
    {"customer_id": 105, "name": "Vikas Sharma", "email": "vikas.sharma@yahoo.com", "phone": "8543210987", "city": "Bangalore", "timestamp": "2025-05-15 15:00:00"},
    {"customer_id": 106, "name": "Sneha Gupta", "email": "sneha.gupta@outlook.com", "phone": "8432109876", "city": "Lucknow", "timestamp": "2025-05-15 15:30:00"},
    {"customer_id": 107, "name": "Arjun Patel", "email": "arjun.patel@gmail.com", "phone": "8321098765", "city": "Jaipur", "timestamp": "2025-05-15 16:00:00"},
    {"customer_id": 108, "name": "Ritu Desai", "email": "ritu.desai@live.com", "phone": "8210987654", "city": "Ahmedabad", "timestamp": "2025-05-15 16:30:00"},
    {"customer_id": 93, "name": "Ravi Kumar", "email": "ravi.kumar@gmail.com", "phone": "9654321098", "city": "Mysore", "timestamp": "2025-05-15 17:00:00"}, // Duplicate row (same customer_id)
    {"customer_id": 110, "name": "Nitin Sharma", "email": "nitin.sharma@yahoo.com", "phone": "8109876543", "city": "Patna", "timestamp": "2025-05-15 17:30:00"},
    {"customer_id": 111, "name": "Komal Roy", "email": "komal.roy@outlook.com", "phone": "8098765432", "city": "Kanpur", "timestamp": "2025-05-15 18:00:00"},
    {"customer_id": 112, "name": "Suresh Gupta", "email": "suresh.gupta@gmail.com", "phone": "7987654321", "city": "Agra", "timestamp": "2025-05-15 18:30:00"}