    {"customer_id": 20, "name": "Swati Verma", "email": "swati.verma.2025@gmail.com", "phone": "7589018888", "city": "Guwahati", "timestamp": "2025-05-14 09:00:00"},
    {"customer_id": 5, "name": "Vikram Raj", "email": "vikram.raj@live.com", "phone": "5432103333", "city": "Bangalore", "timestamp": "2025-05-14 09:30:00"},
    {"customer_id": 12, "name": "Meena Rao", "email": null, "phone": "8467890123", "city": "Delhi", "timestamp": "2025-05-14 10:00:00"}, // Null email
    {"customer_id": 45, "name": "Deepak Sharma", "email": "deepak.sharma@gmail.com", "phone": null, "city": "Jaipur", "timestamp": "2025-05-14 10:30:00"}, // Null phone
    {"customer_id": 65, "name": "Sunil Patel", "email": "sunil.patel@gmail.com", "phone": "2634567890", "city": null, "timestamp": "2025-05-14 11:00:00"}, // Null city
    {"customer_id": 70, "name": "Divya Patel", "email": "divya.patel@yahoo.com", "phone": "2089012345", "city": "Ahmedabad", "timestamp": "2025-05-14 11:30:00"},
    {"customer_id": 79, "name": "Anil Kumar", "email": "anil.kumar@outlook.com", "phone": "1090123456", "city": "Patna", "timestamp": "2025-05-14 12:00:00"},
    {"customer_id": 80, "name": "Sneha Gupta", "email": "deepak.sharma@gmail.com", "phone": "0989012345", "city": "Kanpur", "timestamp": "2025-05-14 12:30:00"}, // Duplicate email
    {"customer_id": 81, "name": "Rahul Sharma", "email": "rahul.sharma@gmail.com", "phone": "0878901234", "city": "Agra", "timestamp": "2025-05-14 13:00:00"},
    {"customer_id": 82, "name": "Preeti Singh", "email": "deepak.sharma@gmail.com", "phone": "0767890123", "city": "Varanasi", "timestamp": "2025-05-14 13:30:00"}, // Duplicate email
    {"customer_id": 83, "name": "Manish Jain", "email": null, "phone": "0656789012", "city": "Ludhiana", "timestamp": "2025-05-14 14:00:00"}, // Null email
    {"customer_id": 84, "name": "Suman Roy", "email": "suman.roy@live.com", "phone": "0545678901", "city": "Amritsar", "timestamp": "2025-05-14 14:30:00"},
    {"customer_id": 85, "name": "Vijay Patel", "email": "vijay.patel@yahoo.com", "phone": "0434567890", "city": "Jodhpur", "timestamp": "2025-05-14 15:00:00"},
    {"customer_id": 86, "name": "Anita Desai", "email": "anita.desai@outlook.com", "phone": "0323456789", "city": "Madurai", "timestamp": "2025-05-14 15:30:00"},
    {"customer_id": 87, "name": "Rakesh Kumar", "email": "rakesh.kumar@gmail.com", "phone": "0212345678", "city": "Aurangabad", "timestamp": "2025-05-14 16:00:00"},
    {"customer_id": 88, "name": "Priti Sharma", "email": "priti.sharma@live.com", "phone": "0101234567", "city": "Gwalior", "timestamp": "2025-05-14 16:30:00"},
    {"customer_id": 20, "name": "Swati Verma", "email": "swati.verma.2025@gmail.com", "phone": "7589018888", "city": "Guwahati", "timestamp": "2025-05-14 17:00:00"}, // Duplicate row (same customer_id)
    {"customer_id": 90, "name": "Nisha Gupta", "email": "nisha.gupta@yahoo.com", "phone": "9987654321", "city": "Dehradun", "timestamp": "2025-05-14 17:30:00"},
    {"customer_id": 91, "name": "Suresh Nair", "email": "suresh.nair@outlook.com", "phone": "9876543210", "city": "Kochi", "timestamp": "2025-05-14 18:00:00"},
    {"customer_id": 92, "name": "Kavita Singh", "email": "kavita.singh@gmail.com", "phone": "9765432109", "city": "Raipur", "timestamp": "2025-05-14 18:30:00"}