    {"customer_id": 133, "name": "Sanjay Kumar", "email": "sanjay.kumar@gmail.com", "phone": "9876543210", "city": "Mumbai", "country": "India", "signup_date": "2025-05-17", "timestamp": "2025-05-17 09:00:00"},
    {"customer_id": 134, "name": "Emma Watson", "email": "emma.watson@yahoo.com", "phone": "447700900123", "city": "London", "country": "UK", "signup_date": "2025-05-17", "timestamp": "2025-05-17 09:30:00"},
    {"customer_id": 135, "name": "John Smith", "email": null, "phone": "12025550123", "city": "New York", "country": "USA", "signup_date": null, "timestamp": "2025-05-17 10:00:00"},
    {"customer_id": 136, "name": "Priya Singh", "email": "sanjay.kumar@gmail.com", "phone": null, "city": "Bangalore", "country": "India", "signup_date": "2025-05-18", "timestamp": "2025-05-18 10:30:00"},
    {"customer_id": 137, "name": "Sophie Müller", "email": "sophie.muller@outlook.com", "phone": "4915738901234", "city": null, "country": "Germany", "signup_date": "2025-05-19", "timestamp": "2025-05-19 11:00:00"},
    {"customer_id": 138, "name": "Amit Patel", "email": "sanjay.kumar@gmail.com", "phone": "8765432109", "city": "Delhi", "country": null, "signup_date": "2025-05-20", "timestamp": "2025-05-20 11:30:00"},
    {"customer_id": 139, "name": "Liam Brown", "email": "liam.brown@live.com", "phone": "61412345678", "city": "Sydney", "country": "Australia", "signup_date": "2025-05-21", "timestamp": "2025-05-21 12:00:00"},
    {"customer_id": 140, "name": "Kavita Desai", "email": null, "phone": "7654321098", "city": "Pune", "country": "India", "signup_date": null, "timestamp": "2025-05-22 12:30:00"},
    {"customer_id": 141, "name": "Hiroshi Tanaka", "email": "hiroshi.tanaka@yahoo.co.jp", "phone": "81312345678", "city": "Tokyo", "country": "Japan", "signup_date": "2025-05-23", "timestamp": "2025-05-23 13:00:00"},
    {"customer_id": 142, "name": "Ana Silva", "email": "ana.silva@gmail.com", "phone": "5511987654321", "city": "São Paulo", "country": "Brazil", "signup_date": "2025-05-24", "timestamp": "2025-05-24 13:30:00"},
    {"customer_id": 143, "name": "Rohit Nair", "email": "rohit.nair@yahoo.com", "phone": "6543210987", "city": "Chennai", "country": "India", "signup_date": "2025-05-25", "timestamp": "2025-05-25 14:00:00"},
    {"customer_id": 144, "name": "Marie Dubois", "email": "marie.dubois@outlook.com", "phone": "33123456789", "city": "Paris", "country": "France", "signup_date": "2025-05-26", "timestamp": "2025-05-26 14:30:00"},
    {"customer_id": 133, "name": "Sanjay Kumar", "email": "sanjay.kumar@gmail.com", "phone": "9876543210", "city": "Mumbai", "country": "India", "signup_date": "2025-05-17", "timestamp": "2025-05-27 15:00:00"},
    {"customer_id": 146, "name": "Olivia Chen", "email": "olivia.chen@gmail.com", "phone": "12025550124", "city": "San Francisco", "country": "USA", "signup_date": "2025-05-28", "timestamp": "2025-05-28 15:30:00"},
    {"customer_id": 147, "name": "Arjun Sharma", "email": "arjun.sharma@gmail.com", "phone": "5432109876", "city": "Hyderabad", "country": "India", "signup_date": "2025-05-29", "timestamp": "2025-05-29 16:00:00"},
    {"customer_id": 148, "name": "Lucas Martin", "email": "lucas.martin@yahoo.com", "phone": "6471234567", "city": "Toronto", "country": "Canada", "signup_date": "2025-05-30", "timestamp": "2025-05-30 16:30:00"},
    {"customer_id": 149, "name": "Elena Rossi", "email": "elena.rossi@gmail.com", "phone": "390123456789", "city": "Rome", "country": "Italy", "signup_date": "2025-05-17", "timestamp": "2025-05-17 17:00:00"},
    {"customer_id": 150, "name": "Vikram Gupta", "email": "vikram.gupta@outlook.com", "phone": "4321098765", "city": "Kolkata", "country": "India", "signup_date": "2025-05-18", "timestamp": "2025-05-18 17:30:00"},
    {"customer_id": 151, "name": "Sophie Lee", "email": "sophie.lee@gmail.com", "phone": "82212345678", "city": "Seoul", "country": "South Korea", "signup_date": "2025-05-19", "timestamp": "2025-05-19 18:00:00"},
    {"customer_id": 152, "name": "Carlos Lopez", "email": null, "phone": "34912345678", "city": "Madrid", "country": "Spain", "signup_date": null, "timestamp": "2025-05-20 18:30:00"},
    {"customer_id": 153, "name": "Neha Jain", "email": "neha.jain@yahoo.com", "phone": "3210987654", "city": "Ahmedabad", "country": "India", "signup_date": "2025-05-21", "timestamp": "2025-05-21 19:00:00"},
    {"customer_id": 154, "name": "James Wilson", "email": "james.wilson@live.com", "phone": "12025550125", "city": "Chicago", "country": "USA", "signup_date": "2025-05-22", "timestamp": "2025-05-22 19:30:00"},
    {"customer_id": 155, "name": "Anjali Roy", "email": "anjali.roy@gmail.com", "phone": "2109876543", "city": null, "country": "India", "signup_date": "2025-05-23", "timestamp": "2025-05-23 20:00:00"},
    {"customer_id": 156, "name": "Lara Schmidt", "email": "lara.schmidt@outlook.com", "phone": "4915738901235", "city": "Berlin", "country": "Germany", "signup_date": "2025-05-24", "timestamp": "2025-05-24 20:30:00"},
    {"customer_id": 157, "name": "Ravi Patel", "email": "sanjay.kumar@gmail.com", "phone": "1098765432", "city": "Jaipur", "country": "India", "signup_date": "2025-05-25", "timestamp": "2025-05-25 21:00:00"},
    {"customer_id": 158, "name": "Isabella Costa", "email": "isabella.costa@gmail.com", "phone": "5511987654322", "city": "Rio de Janeiro", "country": "Brazil", "signup_date": "2025-05-26", "timestamp": "2025-05-26 21:30:00"},
    {"customer_id": 159, "name": "Manish Kumar", "email": null, "phone": "9987654321", "city": "Lucknow", "country": "India", "signup_date": null, "timestamp": "2025-05-27 22:00:00"},
    {"customer_id": 160, "name": "Sophie Clark", "email": "sophie.clark@yahoo.com", "phone": "447700900124", "city": "Manchester", "country": "UK", "signup_date": "2025-05-28", "timestamp": "2025-05-28 22:30:00"},
    {"customer_id": 161, "name": "Yuki Sato", "email": "yuki.sato@yahoo.co.jp", "phone": "81312345679", "city": "Osaka", "country": "Japan", "signup_date": "2025-05-29", "timestamp": "2025-05-29 23:00:00"},
    {"customer_id": 162, "name": "Pooja Singh", "email": "pooja.singh@live.com", "phone": "8876543210", "city": "Patna", "country": "India", "signup_date": "2025-05-30", "timestamp": "2025-05-30 23:30:00"},
    {"customer_id": 163, "name": "Ethan Davis", "email": "ethan.davis@gmail.com", "phone": "12025550126", "city": "Los Angeles", "country": "USA", "signup_date": "2025-05-17", "timestamp": "2025-05-17 08:00:00"},
    {"customer_id": 164, "name": "Komal Roy", "email": "komal.roy@yahoo.com", "phone": "7765432109", "city": "Surat", "country": "India", "signup_date": "2025-05-18", "timestamp": "2025-05-18 08:30:00"},
    {"customer_id": 165, "name": "Lucas Dubois", "email": "lucas.dubois@outlook.com", "phone": "33123456790", "city": "Lyon", "country": "France", "signup_date": "2025-05-19", "timestamp": "2025-05-19 09:00:00"},
    {"customer_id": 166, "name": "Suresh Nair", "email": null, "phone": "6654321098", "city": "Vadodara", "country": "India", "signup_date": null, "timestamp": "2025-05-20 09:30:00"},
    {"customer_id": 167, "name": "Mia Johnson", "email": "mia.johnson@live.com", "phone": "61412345679", "city": "Melbourne", "country": "Australia", "signup_date": "2025-05-21", "timestamp": "2025-05-21 10:00:00"},
    {"customer_id": 168, "name": "Ritu Sharma", "email": "ritu.sharma@gmail.com", "phone": "5543210987", "city": "Coimbatore", "country": "India", "signup_date": "2025-05-22", "timestamp": "2025-05-22 10:30:00"},
    {"customer_id": 169, "name": "Hans Weber", "email": "hans.weber@outlook.com", "phone": "4915738901236", "city": "Munich", "country": "Germany", "signup_date": "2025-05-23", "timestamp": "2025-05-23 11:00:00"},
    {"customer_id": 170, "name": "Nitin Patel", "email": "nitin.patel@yahoo.com", "phone": "4432109876", "city": "Nagpur", "country": "India", "signup_date": "2025-05-24", "timestamp": "2025-05-24 11:30:00"},
    {"customer_id": 171, "name": "Clara Silva", "email": "clara.silva@gmail.com", "phone": "5511987654323", "city": "Brasilia", "country": "Brazil", "signup_date": "2025-05-25", "timestamp": "2025-05-25 12:00:00"},
    {"customer_id": 172, "name": "Sneha Gupta", "email": null, "phone": "3321098765", "city": "Visakhapatnam", "country": "India", "signup_date": null, "timestamp": "2025-05-26 12:30:00"},
    {"customer_id": 173, "name": "Noah Brown", "email": "noah.brown@live.com", "phone": "6471234568", "city": "Vancouver", "country": "Canada", "signup_date": "2025-05-27", "timestamp": "2025-05-27 13:00:00"},
    {"customer_id": 174, "name": "Vijay Kumar", "email": "vijay.kumar@gmail.com", "phone": "2210987654", "city": "Kochi", "country": "India", "signup_date": "2025-05-28", "timestamp": "2025-05-28 13:30:00"},
    {"customer_id": 175, "name": "Giulia Bianchi", "email": "giulia.bianchi@yahoo.com", "phone": "390123456790", "city": "Milan", "country": "Italy", "signup_date": "2025-05-29", "timestamp": "2025-05-29 14:00:00"},
    {"customer_id": 176, "name": "Priti Singh", "email": "priti.singh@outlook.com", "phone": "1109876543", "city": "Dehradun", "country": "India", "signup_date": "2025-05-30", "timestamp": "2025-05-30 14:30:00"},
    {"customer_id": 177, "name": "Ava Kim", "email": "ava.kim@gmail.com", "phone": "82212345679", "city": "Busan", "country": "South Korea", "signup_date": "2025-05-17", "timestamp": "2025-05-17 15:00:00"},
    {"customer_id": 178, "name": "Rakesh Sharma", "email": "rakesh.sharma@yahoo.com", "phone": "0098765432", "city": "Raipur", "country": "India", "signup_date": "2025-05-18", "timestamp": "2025-05-18 15:30:00"},
    {"customer_id": 179, "name": "Javier Garcia", "email": "javier.garcia@live.com", "phone": "34912345679", "city": "Barcelona", "country": "Spain", "signup_date": "2025-05-19", "timestamp": "2025-05-19 16:00:00"},
    {"customer_id": 180, "name": "Anita Desai", "email": null, "phone": "9987654322", "city": "Mangalore", "country": "India", "signup_date": null, "timestamp": "2025-05-20 16:30:00"},
    {"customer_id": 181, "name": "William Taylor", "email": "william.taylor@gmail.com", "phone": "12025550127", "city": "Houston", "country": "USA", "signup_date": "2025-05-21", "timestamp": "2025-05-21 17:00:00"},
    {"customer_id": 182, "name": "Suman Patel", "email": "suman.patel@outlook.com", "phone": "8876543211", "city": "Siliguri", "country": "India", "signup_date": "2025-05-22", "timestamp": "2025-05-22 17:30:00"},
    {"customer_id": 183, "name": "Sophie Adams", "email": "sophie.adams@yahoo.com", "phone": "447700900125", "city": "Birmingham", "country": "UK", "signup_date": "2025-05-23", "timestamp": "2025-05-23 18:00:00"},
    {"customer_id": 184, "name": "Kavya Roy", "email": "kavya.roy@gmail.com", "phone": "7765432108", "city": "Gwalior", "country": "India", "signup_date": "2025-05-24", "timestamp": "2025-05-24 18:30:00"},
    {"customer_id": 185, "name": "Mateo Rossi", "email": "mateo.rossi@live.com", "phone": "390123456791", "city": "Florence", "country": "Italy", "signup_date": "2025-05-25", "timestamp": "2025-05-25 19:00:00"},
    {"customer_id": 186, "name": "Manish Jain", "email": "manish.jain@yahoo.com", "phone": "6654321097", "city": "Amritsar", "country": "India", "signup_date": "2025-05-26", "timestamp": "2025-05-26 19:30:00"},
    {"customer_id": 187, "name": "Emma Nguyen", "email": "emma.nguyen@gmail.com", "phone": "12025550128", "city": "Seattle", "country": "USA", "signup_date": "2025-05-27", "timestamp": "2025-05-27 20:00:00"},
    {"customer_id": 188, "name": "Vikas Sharma", "email": "vikas.sharma@outlook.com", "phone": "5543210986", "city": "Kanpur", "country": "India", "signup_date": "2025-05-28", "timestamp": "2025-05-28 20:30:00"},
    {"customer_id": 189, "name": "Lina Müller", "email": "lina.muller@yahoo.com", "phone": "4915738901237", "city": "Hamburg", "country": "Germany", "signup_date": "2025-05-29", "timestamp": "2025-05-29 21:00:00"},
    {"customer_id": 190, "name": "Aryan Gupta", "email": "aryan.gupta@gmail.com", "phone": "4432109875", "city": "Bhopal", "country": "India", "signup_date": "2025-05-30", "timestamp": "2025-05-30 21:30:00"},
    {"customer_id": 191, "name": "Sofia Almeida", "email": "sofia.almeida@live.com", "phone": "5511987654324", "city": "Salvador", "country": "Brazil", "signup_date": "2025-05-17", "timestamp": "2025-05-17 22:00:00"},
    {"customer_id": 192, "name": "Kiran Patel", "email": null, "phone": "3321098764", "city": "Indore", "country": "India", "signup_date": null, "timestamp": "2025-05-18 22:30:00"},
    {"customer_id": 193, "name": "Jack Wilson", "email": "jack.wilson@gmail.com", "phone": "6471234569", "city": "Calgary", "country": "Canada", "signup_date": "2025-05-19", "timestamp": "2025-05-19 23:00:00"},
    {"customer_id": 194, "name": "Shalini Desai", "email": "shalini.desai@outlook.com", "phone": "2210987653", "city": "Mysore", "country": "India", "signup_date": "2025-05-20", "timestamp": "2025-05-20 23:30:00"},
    {"customer_id": 195, "name": "Hana Kim", "email": "hana.kim@yahoo.com", "phone": "82212345680", "city": "Incheon", "country": "South Korea", "signup_date": "2025-05-21", "timestamp": "2025-05-21 08:00:00"},
    {"customer_id": 196, "name": "Rahul Nair", "email": "rahul.nair@gmail.com", "phone": "1109876542", "city": "Thiruvananthapuram", "country": "India", "signup_date": "2025-05-22", "timestamp": "2025-05-22 08:30:00"},
    {"customer_id": 197, "name": "Luis Martinez", "email": "luis.martinez@live.com", "phone": "34912345680", "city": "Valencia", "country": "Spain", "signup_date": "2025-05-23", "timestamp": "2025-05-23 09:00:00"},
    {"customer_id": 198, "name": "Ananya Roy", "email": "ananya.roy@yahoo.com", "phone": "0098765431", "city": "Guwahati", "country": "India", "signup_date": "2025-05-24", "timestamp": "2025-05-24 09:30:00"},
    {"customer_id": 199, "name": "Amelia Scott", "email": "amelia.scott@gmail.com", "phone": "12025550129", "city": "Boston", "country": "USA", "signup_date": "2025-05-25", "timestamp": "2025-05-25 10:00:00"},
    {"customer_id": 200, "name": "Aditya Singh", "email": "aditya.singh@outlook.com", "phone": "9987654323", "city": "Ranchi", "country": "India", "signup_date": "2025-05-26", "timestamp": "2025-05-26 10:30:00"},
    {"customer_id": 201, "name": "Chloe Lefevre", "email": "chloe.lefevre@yahoo.com", "phone": "33123456791", "city": "Marseille", "country": "France", "signup_date": "2025-05-27", "timestamp": "2025-05-27 11:00:00"},
    {"customer_id": 202, "name": "Siddharth Patel", "email": "siddharth.patel@gmail.com", "phone": "8876543212", "city": "Bhubaneswar", "country": "India", "signup_date": "2025-05-28", "timestamp": "2025-05-28 11:30:00"},
    {"customer_id": 203, "name": "Tom Schmidt", "email": "tom.schmidt@live.com", "phone": "4915738901238", "city": "Frankfurt", "country": "Germany", "signup_date": "2025-05-29", "timestamp": "2025-05-29 12:00:00"},
    {"customer_id": 204, "name": "Divya Sharma", "email": null, "phone": "7765432107", "city": "Jodhpur", "country": "India", "signup_date": null, "timestamp": "2025-05-30 12:30:00"},
    {"customer_id": 205, "name": "Gabriel Lima", "email": "gabriel.lima@gmail.com", "phone": "5511987654325", "city": "Recife", "country": "Brazil", "signup_date": "2025-05-17", "timestamp": "2025-05-17 13:00:00"},
    {"customer_id": 206, "name": "Meera Jain", "email": "meera.jain@yahoo.com", "phone": "6654321096", "city": "Ludhiana", "country": "India", "signup_date": "2025-05-18", "timestamp": "2025-05-18 13:30:00"},
    {"customer_id": 207, "name": "Liam Walker", "email": "liam.walker@outlook.com", "phone": "12025550130", "city": "Miami", "country": "USA", "signup_date": "2025-05-19", "timestamp": "2025-05-19 14:00:00"},
    {"customer_id": 208, "name": "Tanvi Gupta", "email": "tanvi.gupta@gmail.com", "phone": "5543210985", "city": "Agra", "country": "India", "signup_date": "2025-05-20", "timestamp": "2025-05-20 14:30:00"},
    {"customer_id": 209, "name": "Anna Petrova", "email": "anna.petrova@yahoo.com", "phone": "74951234567", "city": "Moscow", "country": "Russia", "signup_date": "2025-05-21", "timestamp": "2025-05-21 15:00:00"},
    {"customer_id": 210, "name": "Rohan Desai", "email": "rohan.desai@live.com", "phone": "4432109874", "city": "Varanasi", "country": "India", "signup_date": "2025-05-22", "timestamp": "2025-05-22 15:30:00"},
    {"customer_id": 211, "name": "Mia Lee", "email": "mia.lee@gmail.com", "phone": "82212345681", "city": "Daegu", "country": "South Korea", "signup_date": "2025-05-23", "timestamp": "2025-05-23 16:00:00"},
    {"customer_id": 212, "name": "Vivek Sharma", "email": "vivek.sharma@outlook.com", "phone": "3321098763", "city": "Chandigarh", "country": "India", "signup_date": "2025-05-24", "timestamp": "2025-05-24 16:30:00"},
    {"customer_id": 213, "name": "Elena Lopez", "email": "elena.lopez@yahoo.com", "phone": "34912345681", "city": "Seville", "country": "Spain", "signup_date": "2025-05-25", "timestamp": "2025-05-25 17:00:00"},
    {"customer_id": 214, "name": "Kunal Patel", "email": "kunal.patel@gmail.com", "phone": "2210987652", "city": "Goa", "country": "India", "signup_date": "2025-05-26", "timestamp": "2025-05-26 17:30:00"},
    {"customer_id": 215, "name": "James Carter", "email": "james.carter@live.com", "phone": "12025550131", "city": "Austin", "country": "USA", "signup_date": "2025-05-27", "timestamp": "2025-05-27 18:00:00"},
    {"customer_id": 216, "name": "Nisha Roy", "email": null, "phone": "1109876541", "city": "Shimla", "country": "India", "signup_date": null, "timestamp": "2025-05-28 18:30:00"},
    {"customer_id": 217, "name": "Luca Conti", "email": "luca.conti@gmail.com", "phone": "390123456792", "city": "Naples", "country": "Italy", "signup_date": "2025-05-29", "timestamp": "2025-05-29 19:00:00"},
    {"customer_id": 218, "name": "Arnav Singh", "email": "arnav.singh@yahoo.com", "phone": "0098765430", "city": "Udaipur", "country": "India", "signup_date": "2025-05-30", "timestamp": "2025-05-30 19:30:00"},
    {"customer_id": 219, "name": "Sophie Wright", "email": "sophie.wright@outlook.com", "phone": "447700900126", "city": "Leeds", "country": "UK", "signup_date": "2025-05-17", "timestamp": "2025-05-17 20:00:00"},
    {"customer_id": 220, "name": "Ishaan Gupta", "email": "ishaan.gupta@gmail.com", "phone": "9987654324", "city": "Aurangabad", "country": "India", "signup_date": "2025-05-18", "timestamp": "2025-05-18 20:30:00"},
    {"customer_id": 221, "name": "Hiro Tanaka", "email": "hiro.tanaka@yahoo.co.jp", "phone": "81312345680", "city": "Kyoto", "country": "Japan", "signup_date": "2025-05-19", "timestamp": "2025-05-19 21:00:00"},
    {"customer_id": 222, "name": "Asha Patel", "email": "asha.patel@live.com", "phone": "8876543213", "city": "Rajkot", "country": "India", "signup_date": "2025-05-20", "timestamp": "2025-05-20 21:30:00"},
    {"customer_id": 223, "name": "Lucas Almeida", "email": "lucas.almeida@gmail.com", "phone": "5511987654326", "city": "Fortaleza", "country": "Brazil", "signup_date": "2025-05-21", "timestamp": "2025-05-21 22:00:00"},
    {"customer_id": 224, "name": "Snehal Sharma", "email": "snehal.sharma@yahoo.com", "phone": "7765432106", "city": "Jabalpur", "country": "India", "signup_date": "2025-05-22", "timestamp": "2025-05-22 22:30:00"},
    {"customer_id": 225, "name": "Emma Fischer", "email": "emma.fischer@outlook.com", "phone": "4915738901239", "city": "Cologne", "country": "Germany", "signup_date": "2025-05-23", "timestamp": "2025-05-23 23:00:00"},
    {"customer_id": 226, "name": "Riya Jain", "email": "riya.jain@gmail.com", "phone": "6654321095", "city": "Faridabad", "country": "India", "signup_date": "2025-05-24", "timestamp": "2025-05-24 23:30:00"},
    {"customer_id": 227, "name": "Noah Lee", "email": "noah.lee@live.com", "phone": "12025550132", "city": "Denver", "country": "USA", "signup_date": "2025-05-25", "timestamp": "2025-05-25 08:00:00"},
    {"customer_id": 228, "name": "Vikrant Singh", "email": "vikrant.singh@yahoo.com", "phone": "5543210984", "city": "Meerut", "country": "India", "signup_date": "2025-05-26", "timestamp": "2025-05-26 08:30:00"},
    {"customer_id": 229, "name": "Clara Dubois", "email": "clara.dubois@gmail.com", "phone": "33123456792", "city": "Toulouse", "country": "France", "signup_date": "2025-05-27", "timestamp": "2025-05-27 09:00:00"},
    {"customer_id": 230, "name": "Aman Gupta", "email": null, "phone": "4432109873", "city": "Gurgaon", "country": "India", "signup_date": null, "timestamp": "2025-05-28 09:30:00"},
    {"customer_id": 231, "name": "Olivia Harris", "email": "olivia.harris@outlook.com", "phone": "12025550133", "city": "Phoenix", "country": "USA", "signup_date": "2025-05-29", "timestamp": "2025-05-29 10:00:00"},
    {"customer_id": 232, "name": "Saanvi Roy", "email": "saanvi.roy@gmail.com", "phone": "3321098762", "city": "Noida", "country": "India", "signup_date": "2025-05-30", "timestamp": "2025-05-30 10:30:00"},
    {"customer_id": 233, "name": "Matteo Ferrari", "email": "matteo.ferrari@yahoo.com", "phone": "390123456793", "city": "Venice", "country": "Italy", "signup_date": "2025-05-17", "timestamp": "2025-05-17 11:00:00"},
    {"customer_id": 234, "name": "Arun Nair", "email": "arun.nair@live.com", "phone": "2210987651", "city": "Kozhikode", "country": "India", "signup_date": "2025-05-18", "timestamp": "2025-05-18 11:30:00"},
    {"customer_id": 235, "name": "Sophie Kim", "email": "sophie.kim@gmail.com", "phone": "82212345682", "city": "Daejeon", "country": "South Korea", "signup_date": "2025-05-19", "timestamp": "2025-05-19 12:00:00"},
    {"customer_id": 236, "name": "Kiran Sharma", "email": "kiran.sharma@outlook.com", "phone": "1109876540", "city": "Puducherry", "country": "India", "signup_date": "2025-05-20", "timestamp": "2025-05-20 12:30:00"},
    {"customer_id": 237, "name": "Diego Sanchez", "email": "diego.sanchez@yahoo.com", "phone": "34912345682", "city": "Bilbao", "country": "Spain", "signup_date": "2025-05-21", "timestamp": "2025-05-21 13:00:00"},
    {"customer_id": 238, "name": "Nikhil Patel", "email": "nikhil.patel@gmail.com", "phone": "0098765429", "city": "Srinagar", "country": "India", "signup_date": "2025-05-22", "timestamp": "2025-05-22 13:30:00"},
    {"customer_id": 239, "name": "Ava Thompson", "email": "ava.thompson@live.com", "phone": "12025550134", "city": "Portland", "country": "USA", "signup_date": "2025-05-23", "timestamp": "2025-05-23 14:00:00"},
    {"customer_id": 240, "name": "Pallavi Jain", "email": "pallavi.jain@yahoo.com", "phone": "9987654325", "city": "Jamshedpur", "country": "India", "signup_date": "2025-05-24", "timestamp": "2025-05-24 14:30:00"},
    {"customer_id": 241, "name": "Lucas Weber", "email": "lucas.weber@gmail.com", "phone": "4915738901240", "city": "Dusseldorf", "country": "Germany", "signup_date": "2025-05-25", "timestamp": "2025-05-25 15:00:00"},
    {"customer_id": 242, "name": "Anika Sharma", "email": "anika.sharma@outlook.com", "phone": "8876543214", "city": "Allahabad", "country": "India", "signup_date": "2025-05-26", "timestamp": "2025-05-26 15:30:00"},
    {"customer_id": 243, "name": "Isabella Lima", "email": "isabella.lima@live.com", "phone": "5511987654327", "city": "Manaus", "country": "Brazil", "signup_date": "2025-05-27", "timestamp": "2025-05-27 16:00:00"},
    {"customer_id": 244, "name": "Rohan Gupta", "email": null, "phone": "7765432105", "city": "Dharamshala", "country": "India", "signup_date": null, "timestamp": "2025-05-28 16:30:00"},
    {"customer_id": 245, "name": "Emma Wilson", "email": "emma.wilson@gmail.com", "phone": "12025550135", "city": "San Diego", "country": "USA", "signup_date": "2025-05-29", "timestamp": "2025-05-29 17:00:00"},
    {"customer_id": 246, "name": "Sanya Roy", "email": "sanya.roy@yahoo.com", "phone": "6654321094", "city": "Kolhapur", "country": "India", "signup_date": "2025-05-30", "timestamp": "2025-05-30 17:30:00"},
    {"customer_id": 247, "name": "Lina Dubois", "email": "lina.dubois@outlook.com", "phone": "33123456793", "city": "Nice", "country": "France", "signup_date": "2025-05-17", "timestamp": "2025-05-17 18:00:00"},
    {"customer_id": 248, "name": "Aarav Patel", "email": "aarav.patel@gmail.com", "phone": "5543210983", "city": "Nashik", "country": "India", "signup_date": "2025-05-18", "timestamp": "2025-05-18 18:30:00"},
    {"customer_id": 249, "name": "Noah Fischer", "email": "noah.fischer@yahoo.com", "phone": "4915738901241", "city": "Stuttgart", "country": "Germany", "signup_date": "2025-05-19", "timestamp": "2025-05-19 19:00:00"},
    {"customer_id": 250, "name": "Isha Sharma", "email": "isha.sharma@live.com", "phone": "4432109872", "city": "Amravati", "country": "India", "signup_date": "2025-05-20", "timestamp": "2025-05-20 19:30:00"},
    {"customer_id": 251, "name": "Sofia Conti", "email": "sofia.conti@gmail.com", "phone": "390123456794", "city": "Turin", "country": "Italy", "signup_date": "2025-05-21", "timestamp": "2025-05-21 20:00:00"},
    {"customer_id": 252, "name": "Vivan Gupta", "email": "vivan.gupta@yahoo.com", "phone": "3321098761", "city": "Solapur", "country": "India", "signup_date": "2025-05-22", "timestamp": "2025-05-22 20:30:00"},
    {"customer_id": 253, "name": "Liam Kim", "email": "liam.kim@outlook.com", "phone": "82212345683", "city": "Gwangju", "country": "South Korea", "signup_date": "2025-05-23", "timestamp": "2025-05-23 21:00:00"},
    {"customer_id": 254, "name": "Ananya Patel", "email": "ananya.patel@gmail.com", "phone": "2210987650", "city": "Warangal", "country": "India", "signup_date": "2025-05-24", "timestamp": "2025-05-24 21:30:00"},
    {"customer_id": 255, "name": "Diego Lopez", "email": "diego.lopez@live.com", "phone": "34912345683", "city": "Malaga", "country": "Spain", "signup_date": "2025-05-25", "timestamp": "2025-05-25 22:00:00"},
    {"customer_id": 256, "name": "Riya Sharma", "email": "riya.sharma@yahoo.com", "phone": "1109876539", "city": "Vijayawada", "country": "India", "signup_date": "2025-05-26", "timestamp": "2025-05-26 22:30:00"},
    {"customer_id": 257, "name": "James Harris", "email": "james.harris@gmail.com", "phone": "12025550136", "city": "Dallas", "country": "USA", "signup_date": "2025-05-27", "timestamp": "2025-05-27 23:00:00"},
    {"customer_id": 258, "name": "Kavya Gupta", "email": "kavya.gupta@outlook.com", "phone": "0098765428", "city": "Madurai", "country": "India", "signup_date": "2025-05-28", "timestamp": "2025-05-28 23:30:00"},
    {"customer_id": 259, "name": "Emma Costa", "email": "emma.costa@live.com", "phone": "5511987654328", "city": "Porto Alegre", "country": "Brazil", "signup_date": "2025-05-29", "timestamp": "2025-05-29 08:00:00"},
    {"customer_id": 260, "name": "Aryan Roy", "email": null, "phone": "9987654326", "city": "Tirupati", "country": "India", "signup_date": null, "timestamp": "2025-05-30 08:30:00"},
    {"customer_id": 261, "name": "Sophie Taylor", "email": "sophie.taylor@yahoo.com", "phone": "447700900127", "city": "Glasgow", "country": "UK", "signup_date": "2025-05-17", "timestamp": "2025-05-17 09:00:00"},
    {"customer_id": 262, "name": "Vikram Patel", "email": "vikram.patel@gmail.com", "phone": "8876543215", "city": "Salem", "country": "India", "signup_date": "2025-05-18", "timestamp": "2025-05-18 09:30:00"},
    {"customer_id": 263, "name": "Hana Sato", "email": "hana.sato@yahoo.co.jp", "phone": "81312345681", "city": "Nagoya", "country": "Japan", "signup_date": "2025-05-19", "timestamp": "2025-05-19 10:00:00"},
    {"customer_id": 264, "name": "Anjali Sharma", "email": "anjali.sharma@outlook.com", "phone": "7765432104", "city": "Erode", "country": "India", "signup_date": "2025-05-20", "timestamp": "2025-05-20 10:30:00"},
    {"customer_id": 265, "name": "Lucas Fischer", "email": "lucas.fischer@gmail.com", "phone": "4915738901242", "city": "Leipzig", "country": "Germany", "signup_date": "2025-05-21", "timestamp": "2025-05-21 11:00:00"},
    {"customer_id": 266, "name": "Saanvi Patel", "email": "saanvi.patel@live.com", "phone": "6654321093", "city": "Bikaner", "country": "India", "signup_date": "2025-05-22", "timestamp": "2025-05-22 11:30:00"},
    {"customer_id": 267, "name": "Isabella Rossi", "email": "isabella.rossi@yahoo.com", "phone": "390123456795", "city": "Bologna", "country": "Italy", "signup_date": "2025-05-23", "timestamp": "2025-05-23 12:00:00"},
    {"customer_id": 268, "name": "Rohan Sharma", "email": "rohan.sharma@gmail.com", "phone": "5543210982", "city": "Belgaum", "country": "India", "signup_date": "2025-05-24", "timestamp": "2025-05-24 12:30:00"},
    {"customer_id": 269, "name": "Noah Kim", "email": "noah.kim@outlook.com", "phone": "82212345684", "city": "Ulsan", "country": "South Korea", "signup_date": "2025-05-25", "timestamp": "2025-05-25 13:00:00"},
    {"customer_id": 270, "name": "Nisha Gupta", "email": "nisha.gupta@yahoo.com", "phone": "4432109871", "city": "Davangere", "country": "India", "signup_date": "2025-05-26", "timestamp": "2025-05-26 13:30:00"},
    {"customer_id": 271, "name": "Sofia Lopez", "email": "sofia.lopez@live.com", "phone": "34912345684", "city": "Zaragoza", "country": "Spain", "signup_date": "2025-05-27", "timestamp": "2025-05-27 14:00:00"},
    {"customer_id": 272, "name": "Aarush Patel", "email": "aarush.patel@gmail.com", "phone": "3321098760", "city": "Hassan", "country": "India", "signup_date": "2025-05-28", "timestamp": "2025-05-28 14:30:00"},
    {"customer_id": 273, "name": "Emma Carter", "email": "emma.carter@gmail.com", "phone": "12025550137", "city": "San Antonio", "country": "USA", "signup_date": "2025-05-29", "timestamp": "2025-05-29 15:00:00"},
    {"customer_id": 274, "name": "Vivan Sharma", "email": "vivan.sharma@outlook.com", "phone": "2210987649", "city": "Tumkur", "country": "India", "signup_date": "2025-05-30", "timestamp": "2025-05-30 15:30:00"},
    {"customer_id": 275, "name": "Lucas Silva", "email": "lucas.silva@yahoo.com", "phone": "5511987654329", "city": "Belém", "country": "Brazil", "signup_date": "2025-05-17", "timestamp": "2025-05-17 16:00:00"},
    {"customer_id": 276, "name": "Anika Patel", "email": null, "phone": "1109876538", "city": "Kollam", "country": "India", "signup_date": null, "timestamp": "2025-05-18 16:30:00"},
    {"customer_id": 277, "name": "Sophie Harris", "email": "sophie.harris@live.com", "phone": "447700900128", "city": "Edinburgh", "country": "UK", "signup_date": "2025-05-19", "timestamp": "2025-05-19 17:00:00"},
    {"customer_id": 278, "name": "Kunal Gupta", "email": "kunal.gupta@gmail.com", "phone": "0098765427", "city": "Nellore", "country": "India", "signup_date": "2025-05-20", "timestamp": "2025-05-20 17:30:00"},
    {"customer_id": 279, "name": "Hiroshi Yamada", "email": "hiroshi.yamada@yahoo.co.jp", "phone": "81312345682", "city": "Fukuoka", "country": "Japan", "signup_date": "2025-05-21", "timestamp": "2025-05-21 18:00:00"},
    {"customer_id": 280, "name": "Riya Roy", "email": "riya.roy@outlook.com", "phone": "9987654327", "city": "Kottayam", "country": "India", "signup_date": "2025-05-22", "timestamp": "2025-05-22 18:30:00"},
    {"customer_id": 281, "name": "Noah Weber", "email": "noah.weber@gmail.com", "phone": "4915738901243", "city": "Dresden", "country": "Germany", "signup_date": "2025-05-23", "timestamp": "2025-05-23 19:00:00"},
    {"customer_id": 282, "name": "Saanvi Sharma", "email": "saanvi.sharma@yahoo.com", "phone": "8876543216", "city": "Aligarh", "country": "India", "signup_date": "2025-05-24", "timestamp": "2025-05-24 19:30:00"},
    {"customer_id": 283, "name": "Isabella Conti", "email": "isabella.conti@live.com", "phone": "390123456796", "city": "Genoa", "country": "Italy", "signup_date": "2025-05-25", "timestamp": "2025-05-25 20:00:00"},
    {"customer_id": 284, "name": "Arnav Patel", "email": "arnav.patel@gmail.com", "phone": "7765432103", "city": "Moradabad", "country": "India", "signup_date": "2025-05-26", "timestamp": "2025-05-26 20:30:00"},
    {"customer_id": 285, "name": "Liam Park", "email": "liam.park@outlook.com", "phone": "82212345685", "city": "Suwon", "country": "South Korea", "signup_date": "2025-05-27", "timestamp": "2025-05-27 21:00:00"},
    {"customer_id": 286, "name": "Ananya Gupta", "email": "ananya.gupta@yahoo.com", "phone": "6654321092", "city": "Bareilly", "country": "India", "signup_date": "2025-05-28", "timestamp": "2025-05-28 21:30:00"},
    {"customer_id": 287, "name": "Sofia Garcia", "email": "sofia.garcia@gmail.com", "phone": "34912345685", "city": "Alicante", "country": "Spain", "signup_date": "2025-05-29", "timestamp": "2025-05-29 22:00:00"},
    {"customer_id": 288, "name": "Vikrant Gupta", "email": "vikrant.gupta@live.com", "phone": "5543210981", "city": "Saharanpur", "country": "India", "signup_date": "2025-05-30", "timestamp": "2025-05-30 22:30:00"},
    {"customer_id": 289, "name": "Emma Davis", "email": "emma.davis@gmail.com", "phone": "12025550138", "city": "Charlotte", "country": "USA", "signup_date": "2025-05-17", "timestamp": "2025-05-17 23:00:00"},
    {"customer_id": 290, "name": "Aarav Sharma", "email": null, "phone": "4432109870", "city": "Firozabad", "country": "India", "signup_date": null, "timestamp": "2025-05-18 23:30:00"},
    {"customer_id": 291, "name": "Lucas Brown", "email": "lucas.brown@yahoo.com", "phone": "447700900129", "city": "Bristol", "country": "UK", "signup_date": "2025-05-19", "timestamp": "2025-05-19 08:00:00"},
    {"customer_id": 292, "name": "Isha Patel", "email": "isha.patel@outlook.com", "phone": "3321098759", "city": "Latur", "country": "India", "signup_date": "2025-05-20", "timestamp": "2025-05-20 08:30:00"},
    {"customer_id": 293, "name": "Hana Yamada", "email": "hana.yamada@yahoo.co.jp", "phone": "81312345683", "city": "Sapporo", "country": "Japan", "signup_date": "2025-05-21", "timestamp": "2025-05-21 09:00:00"},
    {"customer_id": 294, "name": "Riya Gupta", "email": "riya.gupta@gmail.com", "phone": "2210987648", "city": "Bhavnagar", "country": "India", "signup_date": "2025-05-22", "timestamp": "2025-05-22 09:30:00"},
    {"customer_id": 295, "name": "Noah Almeida", "email": "noah.almeida@live.com", "phone": "5511987654330", "city": "Curitiba", "country": "Brazil", "signup_date": "2025-05-23", "timestamp": "2025-05-23 10:00:00"},
    {"customer_id": 296, "name": "Anika Roy", "email": "anika.roy@yahoo.com", "phone": "1109876537", "city": "Durgapur", "country": "India", "signup_date": "2025-05-24", "timestamp": "2025-05-24 10:30:00"},
    {"customer_id": 297, "name": "Sophie Weber", "email": "sophie.weber@gmail.com", "phone": "4915738901244", "city": "Bremen", "country": "Germany", "signup_date": "2025-05-25", "timestamp": "2025-05-25 11:00:00"},
    {"customer_id": 298, "name": "Aryan Patel", "email": "aryan.patel@outlook.com", "phone": "0098765426", "city": "Asansol", "country": "India", "signup_date": "2025-05-26", "timestamp": "2025-05-26 11:30:00"},
    {"customer_id": 299, "name": "Isabella Kim", "email": "isabella.kim@live.com", "phone": "82212345686", "city": "Jeju", "country": "South Korea", "signup_date": "2025-05-27", "timestamp": "2025-05-27 12:00:00"},
    {"customer_id": 300, "name": "Vivan Roy", "email": "vivan.roy@gmail.com", "phone": "9987654328", "city": "Silchar", "country": "India", "signup_date": "2025-05-28", "timestamp": "2025-05-28 12:30:00"},
    {"customer_id": 301, "name": "Sofia Martinez", "email": "sofia.martinez@yahoo.com", "phone": "34912345686", "city": "Granada", "country": "Spain", "signup_date": "2025-05-29", "timestamp": "2025-05-29 13:00:00"},
    {"customer_id": 302, "name": "Arnav Sharma", "email": "arnav.sharma@live.com", "phone": "8876543217", "city": "Jalandhar", "country": "India", "signup_date": "2025-05-30", "timestamp": "2025-05-30 13:30:00"},
    {"customer_id": 303, "name": "Emma Lee", "email": "emma.lee@gmail.com", "phone": "12025550139", "city": "Columbus", "country": "USA", "signup_date": "2025-05-17", "timestamp": "2025-05-17 14:00:00"},
    {"customer_id": 304, "name": "Kunal Sharma", "email": null, "phone": "7765432102", "city": "Guntur", "country": "India", "signup_date": null, "timestamp": "2025-05-18 14:30:00"},
    {"customer_id": 305, "name": "Lucas Taylor", "email": "lucas.taylor@yahoo.com", "phone": "447700900130", "city": "Cardiff", "country": "UK", "signup_date": "2025-05-19", "timestamp": "2025-05-19 15:00:00"},
    {"customer_id": 306, "name": "Saanvi Gupta", "email": "saanvi.gupta@outlook.com", "phone": "6654321091", "city": "Panipat", "country": "India", "signup_date": "2025-05-20", "timestamp": "2025-05-20 15:30:00"},
    {"customer_id": 307, "name": "Hiroshi Sato", "email": "hiroshi.sato@yahoo.co.jp", "phone": "81312345684", "city": "Hiroshima", "country": "Japan", "signup_date": "2025-05-21", "timestamp": "2025-05-21 16:00:00"},
    {"customer_id": 308, "name": "Anika Sharma", "email": "anika.sharma@gmail.com", "phone": "5543210980", "city": "Rohtak", "country": "India", "signup_date": "2025-05-22", "timestamp": "2025-05-22 16:30:00"},
    {"customer_id": 309, "name": "Noah Rossi", "email": "noah.rossi@live.com", "phone": "390123456797", "city": "Palermo", "country": "Italy", "signup_date": "2025-05-23", "timestamp": "2025-05-23 17:00:00"},
    {"customer_id": 310, "name": "Riya Patel", "email": "riya.patel@yahoo.com", "phone": "4432109869", "city": "Karnal", "country": "India", "signup_date": "2025-05-24", "timestamp": "2025-05-24 17:30:00"},
    {"customer_id": 311, "name": "Sofia Kim", "email": "sofia.kim@outlook.com", "phone": "82212345687", "city": "Changwon", "country": "South Korea", "signup_date": "2025-05-25", "timestamp": "2025-05-25 18:00:00"},
    {"customer_id": 312, "name": "Aarav Gupta", "email": "aarav.gupta@gmail.com", "phone": "3321098758", "city": "Sonipat", "country": "India", "signup_date": "2025-05-26", "timestamp": "2025-05-26 18:30:00"},
    {"customer_id": 313, "name": "Emma Sanchez", "email": "emma.sanchez@live.com", "phone": "34912345687", "city": "Murcia", "country": "Spain", "signup_date": "2025-05-27", "timestamp": "2025-05-27 19:00:00"},
    {"customer_id": 314, "name": "Vivan Patel", "email": "vivan.patel@yahoo.com", "phone": "2210987647", "city": "Yamunanagar", "country": "India", "signup_date": "2025-05-28", "timestamp": "2025-05-28 19:30:00"},
    {"customer_id": 315, "name": "Lucas Carter", "email": "lucas.carter@gmail.com", "phone": "12025550140", "city": "Indianapolis", "country": "USA", "signup_date": "2025-05-29", "timestamp": "2025-05-29 20:00:00"},
    {"customer_id": 316, "name": "Anika Roy", "email": "anika.roy@outlook.com", "phone": "1109876536", "city": "Hapur", "country": "India", "signup_date": "2025-05-30", "timestamp": "2025-05-30 20:30:00"},
    {"customer_id": 317, "name": "Sofia Almeida", "email": "sofia.almeida@gmail.com", "phone": "5511987654331", "city": "Goiânia", "country": "Brazil", "signup_date": "2025-05-17", "timestamp": "2025-05-17 21:00:00"},
    {"customer_id": 318, "name": "Arnav Roy", "email": null, "phone": "0098765425", "city": "Muzaffarnagar", "country": "India", "signup_date": null, "timestamp": "2025-05-18 21:30:00"},
    {"customer_id": 319, "name": "Emma Brown", "email": "emma.brown@yahoo.com", "phone": "447700900131", "city": "Sheffield", "country": "UK", "signup_date": "2025-05-19", "timestamp": "2025-05-19 22:00:00"},
    {"customer_id": 320, "name": "Kunal Patel", "email": "kunal.patel@live.com", "phone": "9987654329", "city": "Bulandshahr", "country": "India", "signup_date": "2025-05-20", "timestamp": "2025-05-20 22:30:00"},
    {"customer_id": 321, "name": "Hana Tanaka", "email": "hana.tanaka@yahoo.co.jp", "phone": "81312345685", "city": "Kobe", "country": "Japan", "signup_date": "2025-05-21", "timestamp": "2025-05-21 23:00:00"},
    {"customer_id": 322, "name": "Saanvi Sharma", "email": "saanvi.sharma@gmail.com", "phone": "8876543218", "city": "Mathura", "country": "India", "signup_date": "2025-05-22", "timestamp": "2025-05-22 23:30:00"},
    {"customer_id": 323, "name": "Noah Fischer", "email": "noah.fischer@outlook.com", "phone": "4915738901245", "city": "Hannover", "country": "Germany", "signup_date": "2025-05-23", "timestamp": "2025-05-23 08:00:00"},
    {"customer_id": 324, "name": "Anika Patel", "email": "anika.patel@yahoo.com", "phone": "7765432101", "city": "Rampur", "country": "India", "signup_date": "2025-05-24", "timestamp": "2025-05-24 08:30:00"},
    {"customer_id": 325, "name": "Sofia Rossi", "email": "sofia.rossi@live.com", "phone": "390123456798", "city": "Cagliari", "country": "Italy", "signup_date": "2025-05-25", "timestamp": "2025-05-25 09:00:00"},
    {"customer_id": 326, "name": "Aarav Roy", "email": "aarav.roy@gmail.com", "phone": "6654321090", "city": "Sambalpur", "country": "India", "signup_date": "2025-05-26", "timestamp": "2025-05-26 09:30:00"},
    {"customer_id": 327, "name": "Liam Kim", "email": "liam.kim@yahoo.com", "phone": "82212345688", "city": "Sejong", "country": "South Korea", "signup_date": "2025-05-27", "timestamp": "2025-05-27 10:00:00"},
    {"customer_id": 328, "name": "Riya Sharma", "email": "riya.sharma@outlook.com", "phone": "5543210979", "city": "Bhilwara", "country": "India", "signup_date": "2025-05-28", "timestamp": "2025-05-28 10:30:00"},
    {"customer_id": 329, "name": "Emma Lopez", "email": "emma.lopez@gmail.com", "phone": "34912345688", "city": "Palma", "country": "Spain", "signup_date": "2025-05-29", "timestamp": "2025-05-29 11:00:00"},
    {"customer_id": 330, "name": "Vivan Gupta", "email": "vivan.gupta@live.com", "phone": "4432109868", "city": "Ujjain", "country": "India", "signup_date": "2025-05-30", "timestamp": "2025-05-30 11:30:00"},
    {"customer_id": 331, "name": "Sofia Carter", "email": "sofia.carter@yahoo.com", "phone": "12025550141", "city": "Jacksonville", "country": "USA", "signup_date": "2025-05-17", "timestamp": "2025-05-17 12:00:00"},
    {"customer_id": 332, "name": "Fatima Khan", "email": "fatima.khan@gmail.com", "phone": "971501234567", "city": "Dubai", "country": "UAE", "signup_date": "2025-05-30", "timestamp": "2025-05-30 18:30:00"},
    {"customer_id": 133, "name": "Sanjay Kumar", "email": "sanjay.kumar@gmail.com", "phone": "9876543210", "city": "Mumbai", "country": "India", "signup_date": "2025-05-17", "timestamp": "2025-05-17 08:30:00"}