    {"customer_id": 113, "name": "Ajay Kumar", "email": "ajay.kumar@gmail.com", "phone": "7896543210", "city": "Goa", "country": "India", "signup_date": "2025-05-01", "timestamp": "2025-05-16 09:00:00"},
    {"customer_id": 114, "name": "Riya Sharma", "email": "riya.sharma@yahoo.com", "phone": "6785432109", "city": "Trivandrum", "country": null, "signup_date": "2025-05-02", "timestamp": "2025-05-16 09:30:00"}, // Null country
    {"customer_id": 115, "name": "Vikram Patel", "email": null, "phone": "5674321098", "city": "Guwahati", "country": "India", "signup_date": null, "timestamp": "2025-05-16 10:00:00"}, // Null email, signup_date
    {"customer_id": 116, "name": "Sneha Singh", "email": "ajay.kumar@gmail.com", "phone": null, "city": "Ranchi", "country": "India", "signup_date": "2025-05-03", "timestamp": "2025-05-16 10:30:00"}, // Duplicate email, null phone
    {"customer_id": 117, "name": "Rahul Gupta", "email": "rahul.gupta@outlook.com", "phone": "4563210987", "city": null, "country": "India", "signup_date": "2025-05-04", "timestamp": "2025-05-16 11:00:00"}, // Null city
    {"customer_id": 118, "name": "Poonam Jain", "email": "ajay.kumar@gmail.com", "phone": "3452109876", "city": "Shimla", "country": null, "signup_date": "2025-05-05", "timestamp": "2025-05-16 11:30:00"}, // Duplicate email, null country
    {"customer_id": 119, "name": "Suman Roy", "email": "suman.roy@live.com", "phone": "2341098765", "city": "Bhubaneswar", "country": "India", "signup_date": "2025-05-06", "timestamp": "2025-05-16 12:00:00"},
    {"customer_id": 120, "name": "Kiran Desai", "email": null, "phone": "1230987654", "city": "Jamshedpur", "country": "India", "signup_date": null, "timestamp": "2025-05-16 12:30:00"}, // Null email, signup_date
    {"customer_id": 121, "name": "Nitin Sharma", "email": "nitin.sharma@yahoo.com", "phone": "0129876543", "city": "Chandigarh", "country": "India", "signup_date": "2025-05-07", "timestamp": "2025-05-16 13:00:00"},
    {"customer_id": 122, "name": "Anita Patel", "email": "anita.patel@outlook.com", "phone": "9018765432", "city": "Coimbatore", "country": "India", "signup_date": "2025-05-08", "timestamp": "2025-05-16 13:30:00"},
    {"customer_id": 123, "name": "Vijay Kumar", "email": "vijay.kumar@gmail.com", "phone": "8907654321", "city": "Visakhapatnam", "country": "India", "signup_date": "2025-05-09", "timestamp": "2025-05-16 14:00:00"},
    {"customer_id": 124, "name": "Shalini Nair", "email": "shalini.nair@live.com", "phone": "7896543210", "city": "Kochi", "country": "India", "signup_date": "2025-05-10", "timestamp": "2025-05-16 14:30:00"},
    {"customer_id": 113, "name": "Ajay Kumar", "email": "ajay.kumar@gmail.com", "phone": "7896543210", "city": "Goa", "country": "India", "signup_date": "2025-05-01", "timestamp": "2025-05-16 15:00:00"}, // Duplicate row (same customer_id)
    {"customer_id": 126, "name": "Rohit Singh", "email": "rohit.singh@yahoo.com", "phone": "6785432109", "city": "Dehradun", "country": "India", "signup_date": "2025-05-11", "timestamp": "2025-05-16 15:30:00"},
    {"customer_id": 127, "name": "Priti Gupta", "email": "priti.gupta@outlook.com", "phone": "5674321098", "city": "Raipur", "country": null, "signup_date": "2025-05-12", "timestamp": "2025-05-16 16:00:00"}, // Null country
    {"customer_id": 128, "name": "Arun Sharma", "email": "arun.sharma@gmail.com", "phone": "4563210987", "city": "Mangalore", "country": "India", "signup_date": "2025-05-13", "timestamp": "2025-05-16 16:30:00"},
    {"customer_id": 129, "name": "Kavita Roy", "email": "kavita.roy@live.com", "phone": "3452109876", "city": "Siliguri", "country": "India", "signup_date": "2025-05-14", "timestamp": "2025-05-16 17:00:00"},
    {"customer_id": 130, "name": "Suresh Patel", "email": "suresh.patel@yahoo.com", "phone": "2341098765", "city": "Vadodara", "country": "India", "signup_date": "2025-05-15", "timestamp": "2025-05-16 17:30:00"},
    {"customer_id": 131, "name": "Neha Desai", "email": "neha.desai@outlook.com", "phone": "1230987654", "city": "Gwalior", "country": "India", "signup_date": "2025-05-16", "timestamp": "2025-05-16 18:00:00"},
    {"customer_id": 132, "name": "Manish Jain", "email": "manish.jain@gmail.com", "phone": "0129876543", "city": "Amritsar", "country": "India", "signup_date": "2025-05-16", "timestamp": "2025-05-16 18:30:00"}