    {"customer_id": 20, "name": "Swati Verma", "email": "swati.verma.updated@gmail.com", "phone": "7589019999", "city": "Guwahati", "timestamp": "2025-05-13 09:00:00"},
    {"customer_id": 5, "name": "Vikram Raj", "email": "vikram.raj@live.com", "phone": "5432102222", "city": "Hyderabad", "timestamp": "2025-05-13 09:30:00"},
    {"customer_id": 12, "name": "Meena Rao", "email": null, "phone": "8467890123", "city": "Mumbai", "timestamp": "2025-05-13 10:00:00"}, // Null email
    {"customer_id": 45, "name": "Deepak Sharma", "email": "deepak.sharma@gmail.com", "phone": "4834567890", "city": "Jaipur", "timestamp": "2025-05-13 10:30:00"},
    {"customer_id": 47, "name": "Vishal Gupta", "email": "vishal.gupta@outlook.com", "phone": null, "city": "Meerut", "timestamp": "2025-05-13 11:00:00"}, // Null phone
    {"customer_id": 50, "name": "Komal Jain", "email": "komal.jain@yahoo.com", "phone": "4289012345", "city": null, "timestamp": "2025-05-13 11:30:00"}, // Null city
    {"customer_id": 65, "name": "Sunil Patel", "email": "deepak.sharma@gmail.com", "phone": "2634567890", "city": "Bhubaneswar", "timestamp": "2025-05-13 12:00:00"}, // Duplicate email
    {"customer_id": 66, "name": "Rekha Singh", "email": "rekha.singh@yahoo.com", "phone": "2523456789", "city": "Ranchi", "timestamp": "2025-05-13 12:30:00"},
    {"customer_id": 67, "name": "Amit Kumar", "email": "amit.kumar@outlook.com", "phone": "2412345678", "city": "Coimbatore", "timestamp": "2025-05-13 13:00:00"},
    {"customer_id": 68, "name": "Pallavi Sharma", "email": "deepak.sharma@gmail.com", "phone": "2301234567", "city": "Visakhapatnam", "timestamp": "2025-05-13 13:30:00"}, // Duplicate email
    {"customer_id": 69, "name": "Sanjay Nair", "email": null, "phone": "2190123456", "city": "Nagpur", "timestamp": "2025-05-13 14:00:00"}, // Null email
    {"customer_id": 70, "name": "Divya Patel", "email": "divya.patel@yahoo.com", "phone": "2089012345", "city": "Surat", "timestamp": "2025-05-13 14:30:00"},
    {"customer_id": 71, "name": "Rohit Desai", "email": "rohit.desai@outlook.com", "phone": "1978901234", "city": "Ahmedabad", "timestamp": "2025-05-13 15:00:00"},
    {"customer_id": 72, "name": "Neha Gupta", "email": "neha.gupta@gmail.com", "phone": "1867890123", "city": "Kolkata", "timestamp": "2025-05-13 15:30:00"},
    {"customer_id": 73, "name": "Vikas Singh", "email": "vikas.singh@live.com", "phone": "1756789012", "city": "Chennai", "timestamp": "2025-05-13 16:00:00"},
    {"customer_id": 74, "name": "Shalini Roy", "email": "shalini.roy@yahoo.com", "phone": "1645678901", "city": "Delhi", "timestamp": "2025-05-13 16:30:00"},
    {"customer_id": 75, "name": "Karan Sharma", "email": "karan.sharma@outlook.com", "phone": "1534567890", "city": "Bangalore", "timestamp": "2025-05-13 17:00:00"},
    {"customer_id": 45, "name": "Deepak Sharma", "email": "deepak.sharma@gmail.com", "phone": "4834567890", "city": "Jaipur", "timestamp": "2025-05-13 17:30:00"}, // Duplicate row (same customer_id)
    {"customer_id": 77, "name": "Arjun Kumar", "email": "arjun.kumar@live.com", "phone": "1312345678", "city": "Hyderabad", "timestamp": "2025-05-13 18:00:00"},
    {"customer_id": 78, "name": "Tanya Patel", "email": "tanya.patel@yahoo.com", "phone": "1201234567", "city": "Lucknow", "timestamp": "2025-05-13 18:30:00"}